ID,New ID,Title,A. Obesity focused,B. Health focused,C. Weight loss focused,D. Other disease Focused,E. Food focused,F. Unrelevant,G. Obesity  related,H Diet focused,I weight loss medicine,other medicine,body image /body weight,clothes related,English Translation
P0101,1,三分之二澳人超重或肥胖 营养师提醒重点关注中央肥胖,1,,,,,,,,,,,,Two-thirds of Australians are overweight or obese; nutritionists warn about the importance of central obesity
P0749,2,《热辣滚烫》海外上映 专家如何看贾玲“动物流”与硬拉120kg？,,,1,,,,,,,,,,You Only Live Once premieres overseas: Experts discuss Jia Ling’s “animal-style training” and her 120 kg deadlift
P0959,3,解決肥胖糖尿病 團體與議員呼籲向含糖飲品徵收「糖稅」,,,,,,,,,,,,,"To tackle obesity and diabetes, groups and lawmakers call for a “sugar tax” on sugary drinks"
P0767,,【生活相对论】从中国“体重管理年”计划说起：我们如何处理与食物的关系？,,,,,,,,,,,,,Lifestyle Debate: What China’s “Weight Management Year” plan tells us about our relationship with food
P0841,3,【第三大癌症誘因】調查：半數澳洲人不知飲酒可致癌,,,,1,,,,,,,,,Third leading cancer risk: Survey finds half of Australians unaware alcohol can cause cancer
P0445,4,【專家話你知】破除常見糖尿病迷思,,,,1,,,,,,,,,Experts explain: Debunking common myths about diabetes
P0543,5,新研究发现在澳销售的大多数婴幼儿食品不符合健康标准,,,,,1,,,,,,,,New research finds most baby foods sold in Australia fail to meet health standards
P0754,6,【父母必睇！】一項研究發現澳洲嬰幼兒食品大多不符合健康標準,,,,,1,,,,,,,,Parents must read: Study finds most infant foods in Australia do not meet health standards
P0671,7,澳大利亚成年人肥胖比例增加 推出含糖饮料税会带来哪些改变？,,,,,,,1,,,,,,Obesity among Australian adults is rising – what impact would a sugar tax have?
P0359,8,【圆桌健谈】专家详解轻断食：怎样才能吃得少 身体还更好？,,,,,,,,1,,,,,Roundtable: Experts explain intermittent fasting – how to eat less and stay healthier
P1037,9,逾30%成年人屬肥胖，澳洲是時候推出含糖飲品稅嗎？,,,,,,,1,,,,,,More than 30% of adults are obese – is it time for Australia to introduce a sugar tax?
P0961,10,【認識乳癌系列】誰是高風險族群？拆解迷思: 未生育﹑鋼圈內衣都有關？,,,,1,,,,,,,,,Breast cancer series: Who are the high-risk groups? Debunking myths about childbirth and underwire bras
P0899,11,肥胖兼三高易患代謝綜合症 增患慢性病風險,,,,,,,1,,,,,,"Obesity combined with high blood pressure, lipids and glucose increases risk of metabolic syndrome"
P0365,12,國會委員會籲全澳學校供餐 改善學生健康,,,,,,,,1,,,,,Parliamentary committee calls for nationwide school meals to improve student health
P0098,13,一项提案呼吁全澳学校为学生供餐 这么做好处是什么？,,,,,,,,1,,,,,Proposal calls for school meals across Australia – what are the benefits?
P0720,14,澳洲未來棟樑健康倒退 全國框架追蹤並提建議,,1,,,,,,,,,,,Australia’s future generation facing declining health; national framework proposed for monitoring and recommendations
P0155,15,久坐不动有哪些危害？每天运动22分钟如何降低健康风险？,,1,,,,,,,,,,,What are the harms of prolonged sitting? How 22 minutes of daily exercise can reduce health risks
P0360,16,【圆桌健谈】便宜又方便的健康陷阱：什么是超加工食品？,,,,,1,,,,,,,,Roundtable: Cheap and convenient but unhealthy – what are ultra-processed foods?
P0674,17,澳大利亚研究显示家庭收入影响儿童肥胖,1,,,,,,,,,,,,Australian study shows family income influences childhood obesity
P0115,18,世界最胖男人一辈子被肥胖困扰，多次减肥失败，曾经抑郁自杀，如今只想好好活下去…,1,,,,,,,,,,,,"The world’s fattest man struggled with obesity all his life, failed multiple weight-loss attempts and once attempted suicide; now he just wants to live well"
P0716,19,澳洲是全球肥胖率最高国之一！这类疾病患者激增！政府计划征收“糖税”引争议！,1,,,,,,,,,,,,Australia among countries with highest obesity rates; related diseases rising as proposed sugar tax sparks debate
P0755,20,物价太高，大量澳人营养不良！这个州肥胖率竟居第二，最不爱吃菜！,1,,,,,,,,,,,,Rising living costs lead to malnutrition among many Australians; one state ranks second in obesity and eats the fewest vegetables
P0679,21,澳最新研究，父母这样做，孩子以后超重、蛀牙风险增2倍,,,,,,,1,,,,,,New Australian study: certain parenting practices double children’s risk of obesity and tooth decay
P0701,22,澳洲少女皮包骨，双亲被控虐儿，母辩称是她的同学超重,,,,,,,1,,,,,,"Australian girl extremely thin; parents charged with abuse, mother claims classmates are overweight"
P0328,23,吃面食和吃米饭哪个容易胖？主食这样搭配，控糖又不胖！,1,,,,,,,,,,,,Noodles or rice – which leads to weight gain? How to combine staples to control sugar without gaining weight
P0322,24,吃早餐和不吃早餐，哪个更容易胖？早餐一个改变，疾病风险低了,1,,,,,,,,,,,,Eating breakfast or skipping it – which causes weight gain? One breakfast change may lower disease risk
P1008,25,身体胖寿命短？医生却说：恭喜你！这2个地方“胖”是好事！,1,,,,,,,,,,,,Does being fat shorten life? Doctors say: congratulations – fat in these two areas may be beneficial
P0007,26,5 个专门胖肚子的坏习惯，你可能天天在做,1,,,,,,,,,,,,Five bad habits that specifically cause belly fat – you might do them every day
P0405,27,奇葩！300斤网红坐飞机要求免费加3座，还以命相逼地勤推自己下机？网友：又胖又作！,1,,,,,,,,,,,,Bizarre: 150-kg influencer demands three extra seats on plane and threatens suicide; netizens say “fat and dramatic”
P0557,28,日本贵族胖哥减肥逆袭成最帅校草，人生刚开挂却意外被捕！,1,,,,,,,,,,,,Japanese aristocrat’s overweight guy transforms through weight loss into campus heartthrob – then is unexpectedly arrested
P0921,29,“胖死”成真！欧洲人拿什么拯救失控的体重…连“小瘦子”法国人都“膨胀”了？,1,,,,,,,,,,,,“Dying of obesity” becomes reality: how Europeans are tackling runaway weight – even slim French are “expanding”
P0064,30,Lululemon创始人吐槽: 胖人不应该穿瑜伽裤! 公司紧急回应,1,,,,,,,,,,,,Lululemon founder criticized for saying overweight people should not wear yoga pants; company responds urgently
P0932,31,"英国最胖的人:体重890斤创世界纪录,成功减重‘三个贾玲’!被美国女子求爱追到英国…",1,,,,,,,,,,,,"Britain’s heaviest man once weighed 445 kg, later lost the equivalent of “three Jia Lings” and was pursued to the UK by an American admirer"
P0164,32,亚洲首富之子减肥超200斤，又胖回去了！近照曝光,1,,,,,,,,,,,,Son of Asia’s richest man lost over 100 kg but regained weight; recent photos revealed
P0380,33,墨尔本大学新发现！神奇细胞帮你燃脂减肥，人人都有可能瘦！这下有新希望了！,1,,,,,,,,,,,,New discovery at the University of Melbourne: special cells may help burn fat – offering new hope for weight loss
P0702,34,澳洲年轻人患这种癌症的人数激增266%！快改掉这种饮食习惯,,,,1,,,,,,,,,Cancer rates among young Australians surge by 266%; experts urge changes in dietary habits
P0357,35,国家喊你减肥真相曝光：中国已成超重大国，胖下去后果太严重,1,,,,,,,,,,,,
P0966,36,警惕！澳洲年轻人患这种癌的人数激增266%！,,,,1,,,,,,,,,
P0528,37,挺住，别躺平！30岁后的男人，减掉肚腩才能赢未来,1,,,,,,,,,,,,
P0206,38,【健康知识】这些关于身体健康的常识，一定有人不知道！（建议收藏）,,1,,,,,,,,,,,
P0941,39,“菲律宾警察总长放大招：超重就丢饭碗，减肥or失业你选哪个？”,1,,,,,,,,,,,,
P0010,40,12种“伪蔬菜”，吃太多真的会胖！,1,,,,,,,,,,,,
P0682,41,澳洲42岁母亲体重高达247斤！多次减肥无果，心态爆炸的她不运动减下100斤！从此人生像开了挂一样！,1,,,,,,,,,,,,
P0028,42,44岁女星回应“胖若两人”：焦虑症吃药导致,1,,,,,,,,,,,,
P0530,43,揭秘米饭与面食：哪个更容易让你胖？澳洲减肥保健品推荐,1,,,,,,,,,,,,
P0490,44,惊人报告！澳洲超市里的这些东西，吃多了中风早死风险飙升！吓得手里可乐都掉了！,,,,,1,,,,,,,,
P0581,45,服药发胖曾被催减肥 阿杜：自己舒服就好,1,,,,,,,,,,,,
P0488,46,惊人! 微塑料让人未老先衰 AI对比图吓哭网友！喝个水都能老 还有肥胖找上门,,,,,,,1,,,,,,
P0967,47,警报！预计到2050年，澳洲超1/3的儿童和青少年将面临超重或肥胖！,1,,,,,,,,,,,,
P0633,48,注意！澳洲儿童肥胖危机！最新预测：2050年一半儿童或超重...,1,,,,,,,,,,,,
P0296,49,南澳拟议法律，学校附近禁止开快餐连锁店，以遏制儿童肥胖！,1,,,,,,,,,,,,
P0255,50,“减肥神药”Wegovy即将登陆澳洲药房！为肥胖症患者提供新治疗选择,,,,,,,,,1,,,,
P0706,51,澳洲成年人肥胖比例增加，推出含糖饮料税会带来哪些改变？,1,,,,,,,,,,,,
P0116,52,世界防治肥胖日丨这些关于减肥的“坑”你都踩过吗？,1,,,,,,,,,,,,
P0100,53,七成高血压归因于“胖”！这种肥胖类型最危险……,1,,,,,,,,,,,,
P0897,54,"肥胖会致脑子缩小,体重到这个数,等同大脑衰老12年",1,,,,,,,,,,,,
P0044,55,67岁美国肥胖老太成健美明星 施瓦辛格成她粉丝,1,,,,,,,,,,,,
P1100,56,预防中小学生超重肥胖新政:鼓励每天一节体育课(图),1,,,,,,,,,,,,
P0956,57,解决肥胖危机?英国逾半民众支持对垃圾食品上税,1,,,,,,,,,,,,
P0935,58,英国肥胖求助者增多 消防员4小时提供一次转移救援,1,,,,,,,,,,,,
P0435,59,宣扬饮食失调 女网红遭封号 辩称让美国摆脱肥胖,1,,,,,,,,,,,,
P0123,60,"严重肥胖群体逐渐壮大,为什么说美国富人瘦穷人胖?",1,,,,,,,,,,,,
P0077,61,"TVB“最强body”又晒事业线,童年因肥胖自卑抑郁",1,,,,,,,,,,,,
P0061,62,BMI落伍了!医学专家建议重新定义肥胖,1,,,,,,,,,,,,
P0051,63,"500磅肥胖女子起诉Lyft歧视,司机因担心爆胎而拒载",1,,,,,,,,,,,,
P0124,64,中国三成胖人为腹型肥胖 专家:减重不要求快,1,,,,,,,,,,,,
P0272,65,别太胖!胃癌诱因重新排名了!“肥胖”挤进前三名,1,,,,,,,,,,,,
P0568,66,"最严重的青少年肥胖爆发:中国胖娃3000万,速度罕见",1,,,,,,,,,,,,
P0035,67,51岁袁立现身公益:肥胖变化大 穿短裙伤疤显眼,1,,,,,,1,,,,,,
P0133,68,“中国肥胖地图”火了:41%中国男人超重 这个省最苗条,1,,,,,,,,,,,,
P0864,69,"美国现役士兵70%肥胖或超重,人数比10年前翻一倍",1,,,,,,,,,,,,
P1116,70,鸡蛋有两种“最差”吃法 助肥胖、营养差 要少吃,,,,,,,1,,,,,,
P0371,71,"在所有肥胖的危害里,「精神疾病」是我没想到的",1,,,,,,,,,,,,
P0059,72,"BMI:肥胖的伪标准,难道我们被骗了100多年吗?",1,,,,,,,,,,,,
P1028,73,迪丽热巴生子风波:网友扒变化图 浮肿变胖超半年,,,,,,,1,,,,,,
P0629,74,"没想到!如果胖得「稳定」,其实是一种长寿优势",1,,,,,,,,,,,,
P0409,75,女王行为+1!晒照因为胖被质疑怀孕?赛琳娜怒怼,1,,,,,,,,,,,,
P1046,76,"郑伊健爱妻在日4年胖27斤,希望观众接受全新的她",1,,,,,,,,,,,,
P0493,77,"惊险!过山车行至最高点,美国胖男的安全杆突然崩开",,,,,,,1,,,,,,
P0159,78,"乐基儿出席时尚活动:腹肌好美,42岁越胖越有幸福感",,,,,,,1,,,,,,
P0247,79,冯巩67岁大寿 贾玲搂恩师合影 复胖身形引关注,,,,,,,1,,,,,,
P1076,80,"阿娇2个月内体重如过山车,最新巡演体重失控又复胖",1,,,,,,,,,,,,
P0084,81,"一个不吃晚饭的人,是怎样养成「易胖体质」的?",1,,,,,,,,,,,,
P0933,82,英国最胖的城镇:麦当劳门前车辆排长队,1,,,,,,,,,,,,
P0472,83,彻底放飞自我?阿娇最新演出胖成“阿爆”演出划水,1,,,,,,,,,,,,
P0510,84,扎心了!减肥为什么会反弹?身体“记得”你胖过,1,,,,,,,,,,,,
P0595,85,柜姐因评论刘亦菲微胖被辞退 网友称没必要 品牌回应,1,,,,,,,,,,,,
P0597,86,柜姐评论刘亦菲微胖被辞退 政府劳动部门回应了,1,,,,,,,,,,,,
P0578,87,"最美港姐复出:生病后胖成200斤,模样大变仍需服药",,,,,,,,,,,,,
P0627,88,沈腾一家现身海南 妻子王琦发福 6岁儿子白胖,,,,,,,1,,,,,,
P1022,89,这寒假杭州大批孩子不敢胖!超过5斤成绩可能要下降,1,,,,,,,,,,,,
P0758,90,狂吃不胖还减肥 减肥疫苗来了?美国人狂喜:快上市,1,,,,,,,,,,,,
P0816,91,研究显示:面包燕麦酸奶...长期吃这类食物会变胖还变傻,1,,,,,,,,,,,,
P1063,92,重马胖女孩”意外出圈 曾是8块腹肌“追风少女”,1,,,,,,,,,,,,
P0185,93,你吃得越快，越容易胖！这6个“慢吃法”快学起来,1,,,,,,,,,,,,
P0174,94,以为只是变胖！澳洲妹子就医才知怀孕9个半月，17小时后生了,,,,,,,1,,,,,,
P0338,95,吴秀波退圈5年后称被骗破产 身材发福气质不再,,,,,,,1,,,,,,
P0982,96,谷歌工程师杀妻案开庭 陈立人入狱近半年明显发福,,,,,,,1,,,,,,
P0577,97,最纯艳星知三当三陷“不伦恋”如今身材发福变残,,,,,,,1,,,,,,
P0592,98,杨钰莹终究发福了!穿搭时尚难掩浮肿 却依然清纯,,,,,,,1,,,,,,
P1113,99,"高云翔被曝再婚生女,发福发腮变化大,疑带二胎旅游",,,,,,,1,,,,,,
P0634,100,洗米华上诉失败获刑18年!老婆秀母女情 小三发福,,,,,,,1,,,,,,
P0024,101,"41岁发福松弛的蒋欣,打脸了多少“假冻龄”女神",,,,,,,1,,,,,,
P0239,102,关晓彤最新状态惹争议:发福脸肿 年龄感尽显,,,,,,,1,,,,,,
P0194,103,"俄男子模仿小李子走红,在发福后失业,已自愿去前线",,,,,,,1,,,,,,
P0429,104,"宋祖儿身材发福眼袋抢镜:被嘲星味全无,还不如素人",,,,,,,1,,,,,,
P0265,105,刘晓庆现身:身材发福大妈感十足 衣品被网友吐槽,,,,,,,1,,,,,,
P0032,106,49岁林心如时装周生图曝光 身材发福脸颊圆润,,,,,,,1,,,,,,
P0994,107,赵丽颖裙子显土 殷桃脸肿发福 李沁星光闪闪,,,,,,,1,,,,,,
P0987,108,贝克汉姆妻子分享子女们大合影 女儿小七显发福,,,,,,,1,,,,,,
P0858,109,罗嘉良无锡商演太掉价 穿增高鞋 发福明显老太多,,,,,,,1,,,,,,
P1045,110,郑伊健夫妇移居日本逛超市 50岁蒙嘉慧发福疑怀孕,,,,,,,1,,,,,,
P0335,111,吴奇隆发福变油腻 与《英雄本色》女主亲如母子,,,,,,,1,,,,,,
P1051,112,"郭碧婷与向太同框:肩宽体壮严重发福,两人越来越像",,,,,,,1,,,,,,
P0469,113,"张继科赌博风波后现,精神不佳略发福,在宁波当教练",,,,,,,1,,,,,,
P1047,114,郑爽近照曝光:身材发福 穿名牌染黄发变精神小妹,,,,,,,1,,,,,,
P0245,115,内马尔最新照片大变样 明显发福成“肉马尔”,,,,,,,1,,,,,,
P0042,116,"60岁水均益现身加拿大,身材发福,大腹便便遭嘲笑",,,,,,,1,,,,,,
P1048,117,郭晶晶全家云南避暑 霍启刚大肚腩发福明显,,,,,,,1,,,,,,
P1101,118,颠覆你对食品认知的一本书Ultra-Processed People，聊聊UPF,,,,,1,,,,,,,,
P0067,119,Novo Nordisk在英国推出减肥药Wegovy,,,,,,,,,1,,,,
P0479,120,心脏基金会担心年轻澳洲人的寿命可能比父母一辈要短,,1,,,,,,,,,,,
P0661,121,澳人健康寿命和实际寿命之间的差距是12年,,1,,,,,,,,,,,
P0860,122,美国医疗保险将为心脏病患者提供减肥药Wegovy,,,,,,,,,1,,,,
P0808,123,研究发现，澳洲超市出售的婴儿食品均不符合WHO指导方针,,,,,1,,,,,,,,
P0756,124,物理治疗是医疗界最鲜为人知的秘密,,,,,,1,,,,,,,
P0522,125,担忧的家长把网购减肥药送去检测，结果测出了冰毒,,,,,,1,,,,,,,
P0547,126,新闻汇总 - 研究发现婚姻让男性肥胖的风险增三倍，但不影响女性肥胖风险,1,,,,,,,,,,,,
P0854,127,经济学人长篇报道：GLP-1类药物如Ozempic是医学史上最重要的药物突破之一,,,,,,,,,1,,,,
P0859,128,美国FDA批准Lilly公司的减肥药,,,,,,,,,1,,,,
P0073,129,TGA批准首款治疗睡眠呼吸暂停的药物,,,,,,,,,,1,,,
P0471,130,彭博社：Ozempic药热潮，引诱富裕的印度人勇闯灰色市场,,,,,,,,,1,,,,
P0853,131,经济学人周刊：世界肥胖之都在哪儿？,1,,,,,,,,,,,,
P0939,132,药物如Ozempic将改变世界，不仅仅是解决肥胖问题,,,,,,,1,,,,,,
P0934,133,英国研究发现，COVID-19封锁期间儿童肥胖率激增,1,,,,,,,,,,,,
P0128,134,中国发布首个肥胖症诊断指南，应对日益严重的肥胖危机,1,,,,,,,,,,,,
P0353,135,因肥胖率上升，中国将在中小学校加强体育,1,,,,,,,,,,,,
P0810,136,研究发现婚姻让男性肥胖的风险增三倍，但不影响女性肥胖风险,1,,,,,,,,,,,,
P0811,137,研究发现每天饮用一种人工甜味剂软饮料会使糖尿病风险增加三分之一以上,,,,1,,,,,,,,,
P0715,138,澳洲是世界上乳腺癌诊断率最高的国家之一,,,,1,,,,,,,,,
P0307,139,可口可乐回应特朗普建议将推出新版本可乐,,,,1,,,,,,,,,
P0114,140,世卫组织对假冒诺和诺德减肥药发出警告,,,,,,,,,1,,,,
P0097,141,一种擅长“装忙”的脂肪细胞 可帮助我们减肥,,,1,,,,,,,,,,
P0319,142,吃对酸碱性，躺着也能瘦！新研究：这样吃狂甩肉,,,1,,,,,,,,,,
P0532,143,揭秘防止体重悄增的七大妙招：远离慢性疾病,1,,,,,,,,,,,,
P0944,144,"著名网红“两周”瘦220斤,随即称这是一场“社会实验”",,,1,,,,,,,,,,
P0709,145,澳洲批准一款减肥药 治疗心血管疾病,,,,,,,,,1,,,,
P0287,146,午餐不良恐致儿童体重增加 患高血压,,,,,,,1,,,,,,
P0519,147,护士称体重应对肥胖问题 提议引发争议,1,,,,,,,,,,,,
P0019,148,33岁张含韵被骂“爆肥”！1.62米55公斤，本人晒秤自嘲“真的胖”,1,,,,,,,,,,,,
P0451,149,小李子为爱减肥？恋爱后怒减小肚子，瘦出下颌线,,,1,,,,,,,,,,
P0993,150,赌王女儿何超盈暴瘦？结婚时发福似两百斤，减肥速度堪比贾玲,,,1,,,,,,,,,,
P0840,151,第一批打司美格鲁肽减肥的人，已被反弹劝退,,,,,,,,,1,,,,
P0027,152,43岁贾玲近照曝光！和汪顺一起打球，身材苗条年轻有活力，没复胖,,,,,,,1,,,,,,
P0087,153,一个月只吃赛百味，小哥成功减肥：做对这些，快餐瘦身比吃药快8倍,,,1,,,,,,,,,,
P0293,154,华人警惕！澳洲网红减肥法出事了！副作用惊人！很多人把命都搭上了,,,1,,,,,,,,,,
P1083,155,"陈瑶一句“我胖了”惹怒网友, 明星都是怎么瘦下来的!",,,,,,,1,,,,,,
P0037,156,53岁袁立现身巴黎，瘦身15斤颜值回春，小12岁老公邋遢似老头,,,1,,,,,,,,,,
P0121,157,东契奇瘦成闪电！耻辱1-4出局逼260斤胖子减肥，少赚1.2亿真急了,1,,,,,,,,,,,,
P0792,158,看了朱珠李雪琴的有效瘦身，忍不住想夸！,,,1,,,,,,,,,,
P0831,159,私教立即请回家，看到的人都别错过...,,,1,,,,,,,,,,
P0358,160,国家给减肥上高度了,,,1,,,,,,,,,,
P0135,161,中国胖子，即将反超美国,1,,,,,,,,,,,,
P0251,162,减肥不能碰“瓜子”？坦白说：不想腰上长赘肉，3种食物莫要贪吃,,,1,,,,,,,,,,
P0369,163,在减肥的澳洲人注意了：小心染上这个剧痛的病！,,,1,,,,,,,,,,
P0364,164,國小生愛炸物 求助成大斗六分院擊退兒童肥胖症,1,,,,,,,,,,,,
P0156,165,久坐侵蝕身心 通勤提前下車每天8千步顧健康,,1,,,,,,,,,,,
P0837,166,立冬鍋物儀式感小心血壓失控 別睡前4小時進補,,1,,,,,,,,,,,
P0225,167,全球200大幸福城市台灣9城市上榜 台北排第8超越洛杉磯東京,,,,,,1,,,,,,,
P0366,168,國泰醫院赴聖露西亞 協助強化代謝性慢性病防治,,,,1,,,,,,,,,
P0759,169,獲唐獎生醫獎 霍斯特：從事自己熱愛事得到樂趣,,,,,,1,,,,,,,
P0969,170,讓科技告訴你該吃什麼 全家攜華碩桂冠打造健康儀表板,,1,,,,,,,,,,,
P0844,171,糖尿病藥物被當減肥藥使用 監管機構調查Ozempic副作用,,,,,,,,,1,,,,
P0655,172,港學童超重率微降 未回到疫前水平,1,,,,,,,,,,,,
P0667,173,澳半數青少年恐將超重 是系統問題政府需參與改變,1,,,,,,,,,,,,
P0704,174,澳洲悉尼和諧獅子會將舉辦年度糖尿病健康講座,,,,1,,,,,,,,,
P0901,175,肥胖可致失智 8種減肥法 哪種適合你？,1,,,,,,,,,,,,
P0906,176,肥胖女減掉200磅 靠步行和低碳水化合物飲食,1,,,,,,,,,,,,
P0907,177,肥胖成為南澳疾病風險沉重負擔,1,,,,,,,,,,,,
P0910,178,肥胖者死亡的一個重要風險因素 你可能想不到,1,,,,,,,,,,,,
P0905,179,肥胖增13種癌症風險 防癌、減肥飲食法正夯,1,,,,,,,,,,,,
P0201,180,「健康寶藏」洋蔥益處多 抗癌抗炎抗肥胖,,,,,,,1,,,,,,
P0904,181,肥胖問題日益嚴重 桃園療養院推出專業減重門診,1,,,,,,,,,,,,
P0913,182,肥胖超越吸菸 成為澳洲頭號健康殺手,1,,,,,,,,,,,,
P0903,183,肥胖問題已經成為中國重大公共衛生挑戰,1,,,,,,,,,,,,
P0896,184,肥胖人群需警惕 常見代糖誘騙大腦讓你吃更多,1,,,,,,,,,,,,
P0900,185,【肥胖危機】研究預測 2050 年澳洲將有半數兒童超重,1,,,,,,,,,,,,
P0946,186,融合全球经验，守护脊柱健康——专访墨尔本Epworth Eastern脊椎外科医生Alvin Pun（下）,,,,,,1,,,,,,,
P0822,187,研究预测：澳人体重每十年增3公斤,1,,,,,,,,,,,,
P0804,188,研究：观看8分钟TikTok视频 女性对身体形象满意度下降,,,,,,,,,,,1,,
P0882,189,老年人的日常营养需要,,1,,,,,,,,,,,
P0217,190,儿童肥胖率达到严峻里程碑，对澳洲敲响警钟,1,,,,,,,,,,,,
P0131,191,中国研究建议分区域饮食，以应对肥胖风险上升,1,,,,,,,,,,,,
P0930,192,英国将拨款五千万美元，让肥胖的人更容易获得控制体重的药,,,,,,,,,1,,,,
P0817,193,研究显示每周力量训练三次可减龄八岁,,1,,,,,,,,,,,
P0152,194,为什么这一不健康的趋势，可能对Medicare带来巨大不利的影响,,1,,,,,,,,,,,
P0226,195,全球各国男性阴茎平均尺寸揭晓,,,,,,1,,,,,,,
P0683,196,澳洲50岁以下人群肠癌比例全球最高,,,,1,,,,,,,,,
P1103,197,风靡欧美的抗衰老药物：Ozempic,,,,,,,,,1,,,,
P0852,198,经济学人：如何降低患痴呆症的风险？,,,,1,,,,,,,,,
P0374,199,在瘦身营试图减180斤的中国网红翠花去世,,,1,,,,,,,,,,
P1060,200,《重新思考糖尿病》评论：超越胰岛素,,,,1,,,,,,,,,
P0812,201,研究发现降低高血压可降低痴呆风险,,,,1,,,,,,,,,
P0069,202,Rebel Wilson承认在减肥期间用过Ozempic，最近因为压力而复胖14公斤,1,,,,,,,,,,,,
P0351,203,四个月体重（-10KG）、腰围（-13cm) - 饮食经验总结,13cm) - 饮食经,,1,,,,,,,,,,
P0604,204,欧洲面临减肥药物的长期等待，各国政府关注成本,,,,,,,,,1,,,,
P0642,205,海南航空关于要”过重“空姐停飞的规定在中国引起公愤,1,,,,,,,,,,,,
P0370,206,在国外穿S码 回国居然穿不了XL码 怎么回事?,,,,,,,,,,,,1,
P0813,207,研究发现食用山核桃能有效对抗肥胖、糖尿病和炎症,,,,,,,1,,,,,,
P0955,208,解决儿童肥胖症，立法草案“瞄准”针对儿童的垃圾食品广告,1,,,,,,,,,,,,
P0106,209,不是所有米饭都长胖！澳洲营养专家解析6种米，这样吃米更健康,,,,,,,1,,,,,,
P0303,210,发胖真有“分界线” 从这个年龄开始代谢急转直下,1,,,,,,,,,,,,
P0596,211,柜姐称“刘亦菲微胖”被辞退 店员:她并无恶意,1,,,,,,,,,,,,
P0643,212,海航管控空姐体重:超重10%立即停飞 律师:违法,1,,,,,,,,,,,,
P0230,213,全球拥有最多超重儿童国家榜单：澳洲第2，中国41，榜首竟是它,,,,,,,,,,,,,
P0325,214,吃的早，瘦得快！最新研究：提前吃晚餐可有效减轻体重,,,1,,,,,,,,,,
P1095,215,面相变了!贾玲最新露面 体重竟反弹回归原状,1,,,,,,,,,,,,
P0988,216,贾玲回应“体重反弹” 最新出镜发声:维持不住的,1,,,,,,,,,,,,
P0419,217,姚明女儿又胖了!14岁身高190体重近190斤,1,,,,,,,,,,,,
P0884,218,"老戏骨林雪健康令人担忧!体重飙升,做运动表情痛苦",,,,,,,,,,,,,
P0104,219,上体重秤吧!科学告诉你 每天称重一次 最容易减肥,,,1,,,,,,,,,,
P0343,220,哈佛大学研究:这种“健康”饮料或导致体重飙升…,1,,,,,,,,,,,,
P0031,221,"47岁李湘前凸后翘体重飙涨,神秘男相伴疑有新恋情",1,,,,,,,,,,,,
P0583,222,杀人犯仅坐牢一年 体重飙升至400斤 竟获释回家减肥,1,,,,,,,,,,,,
P0797,223,"知名港星现身任贤齐演唱会!体重飙升,肚大如球",,,,,,,,,,,,,
P0525,224,拒身材焦虑 手撕病态美?她被控性骚扰!搞体重羞辱,,,,,,,,,,,1,,
P0257,225,"减肥还能“健脑”!体重减少1%,大脑年轻了9个月",,,1,,,,,,,,,,
P0786,226,登机前要称体重!新西兰航空官宣新规 胖乘客崩溃,1,,,,,,,,,,,,
P0954,227,西澳或引入新法规，歧视体重或身高将重罚$10000,,,,,,,,,,,1,,
P0017,228,30岁邓伦近照大变样!发福圆润和以前判若两人,1,,,,,,,,,,,,
P1052,229,郭碧婷复工状态引热议 身材发福越来越像向太,1,,,,,,,,,,,,
P0045,230,68岁林青霞疑不穿内衣惹争议 身材发福似大妈,1,,,,,,,,,,,,
P0157,231,久违现身!47岁赵薇发福 素颜显老眼睛水肿,1,,,,,,,,,,,,
P0473,232,徐静蕾定居美国气质大变 身材发福 胖出双下巴,1,,,,,,,,,,,,
P1110,233,"马云现身设家宴:身材发福,豪宅庭院内景曝光",1,,,,,,,,,,,,
P0336,234,吴彦祖变“苏大强”?近照曝光被指身材发福变秃,1,,,,,,,,,,,,
P0474,235,"徐静蕾退圈后长居美国:到处吃喝玩乐,模样发福",1,,,,,,,,,,,,
P0585,236,李小璐拍广告疑似正式复出 小腹凸起身材发福,1,,,,,,,,,,,,
P0021,237,"38岁凤姐现身美国坐公交,身材臃肿发福内裤外露",1,,,,,,,,,,,,
P1031,238,"退圈12年后,51岁刀郎发福油腻 网友:撞脸范伟",1,,,,,,,,,,,,
P0452,239,"小贝一家现身巴黎,女儿发福,贝嫂拄双拐却仍拒搀扶",1,,,,,,,,,,,,
P0626,240,"汪峰接女儿,身材发福!8岁醒醒走路带风神似章子怡",1,,,,,,,,,,,,
P0259,241,凤姐美国被偶遇坐公交车 身材发福体重近200斤,1,,,,,,,,,,,,
P0410,242,"女神?:刘亦菲发福,杨幂脸垮,林志玲僵硬,娄艺潇科技",1,,,,,,,,,,,,
P0273,243,"别看潘粤明现在胖若两人,顶顶跟他发福前一模一样",1,,,,,,,,,,,,
P0274,244,"别超重!体重如果达到这个数,等于大脑早衰了12年",1,,,,,,,,,,,,
P0392,245,"大S具俊晔恩爱合体:她被老公亲脸好娇羞,脸胖不少",1,,,,,,,,,,,,
P0656,246,港星陈键锋时隔两年晒自拍!满脸肉变发福中年男,1,,,,,,,,,,,,
P0914,247,肥胖超过吸烟，成澳人最大健康隐患！8.3%疾病由肥胖引起,1,,,,,,,,,,,,
P0895,248,肥胖人群越来越多，都是脂肪惹的祸？这2个原因才是关键！,1,,,,,,,,,,,,
P0484,249,怕被医生嫌弃胖，澳洲女性越发不敢看病了...,1,,,,,,,,,,,,
P0977,250,请自查！中国官方发布减肥指南,,,1,,,,,,,,,,
P0299,251,原来华人来澳洲后，发胖都是因为它！澳洲家庭随处可见！,1,,,,,,,,,,,,
P0631,252,“油腻仔”变“小鲜肉”，黄晓明的瘦身秘诀，普通人可以照搬吗？,,,1,,,,,,,,,,
P0192,253,侮辱or玩笑？华人也在用的“修图神器”引发争议，已紧急下架,,,,,,1,,,,,,,
P0154,254,为啥你总瘦不下来？都是这五个误区闹的！,,,1,,,,,,,,,,
P0726,255,澳洲致命威胁，正在逼近,,1,,,,,,,,,,,
P0862,256,美国女子为活命狂减400磅，她穿上泳衣亮相后，网友惊呆了...,,,1,,,,,,,,,,
P0013,257,24岁中国妹子火上外媒！工作1年长胖40斤，她一怒之下辞职，前后转变惊呆网友...,1,,,,,,,,,,,,
P0321,258,吃播鼻祖减肥200斤轰动全网：攒了两年的假视频骗过所有网友，只为整个大活？？！,,,1,,,,,,,,,,
P0237,259,全英最胖小镇：80%都胖子，全镇仅一家蔬果店？！胖到走红后，他们不愿意了...,1,,,,,,,,,,,,
P0924,260,脂肪肝泛滥背后，是中国人的代谢危机,,,,1,,,,,,,,,
P1001,261,越晚睡越胖？每天只睡6小时，超重风险飙升73%！专家揭秘：多睡30分钟，居然能控制食欲、轻松瘦身！,1,,,,,,,,,,,,
P0872,262,美女一顿炫20碗面，体重却常年不过百？！粉丝疑她假吃，体检结果太惊人…,,,,,,,,1,,,,,
P0890,263,肥肉长在哪里最危险？50岁后脂肪长在这个部位或更易老年痴呆！,1,,,,,,,,,,,,
P0086,264,一个容易长胖的人，可能是蛋白质没吃够,1,,,,,,,,,,,,
P1111,265,马斯克身材健美引关注！疑做医美面部填充！专家：近期狂妄言论可能是吃减肥药导致,1,,,,,,,,,,,,
P0048,266,200斤女孩为美狂瘦至90斤 ！要么瘦，要么死,,,1,,,,,,,,,,
P1016,267,这5种疾病，「多喝水」就能预防,,,,,,,,,,,,,
P0288,268,"华人: 来澳洲后, 失去了打扮的欲望! 体重不管理, 出门随便穿, 还有人剃光头...",,,,,,,,,,,1,,
P0707,269,澳洲或将推动Wegovy等减肥药纳入PBS，处方费用有望降至30澳元,,,,,,,,,1,,,,
P1017,270,这8类人的血压在偷偷升高！稳定血压要做好6件事,,,,1,,,,,,,,,
P0049,271,263斤男子请9名轿夫抬滑竿上峨眉山：花了22100元，往返42公里耗时10多个小时,1,,,,,,,,,,,,
P0292,272,"华人最爱的澳洲水果, 每年就卖3个月, 香甜无比, 竟是糖尿病克星!",,,,1,,,,,,,,,
P0751,273,爆改？美国小哥在欧洲胡吃海喝1年，反倒把啤酒肚吃没了，身材还越来越好,,,1,,,,,,,,,,
P0313,274,史上最变态残忍的饥饿实验：36名健康男子被活活饿24周，再恢复正常饮食，结果令人瞠目…,,,,,,1,,,,,,,
P0486,275,惊！小哥挑战只练一侧肌肉，左边壮汉右边细狗！竟是因为“不想太受欢迎”…,,,,,,1,,,,,,,
P0041,276,"58岁王祖贤加拿大做义工被偶遇! 发福走样, 颜值暴跌? 网友吵翻了…",1,,,,,,,,,,,,
P0983,277,"谷歌杀妻案最新: 清华学霸胖到认不出, 前女友关键“日记”提交",1,,,,,,,,,,,,
P0856,278,网红入狱后怕变胖而节食.... 没想到，就这么被厌食症折磨到活活饿死....,1,,,,,,,,,,,,
P0462,279,常吃这4类食物的人，肚子最容易长肉！,1,,,,,,,,,,,,
P0125,280,中国亲戚逼疯外国小哥！崩溃发帖：为啥见面第一句就是评价我长相？评论亮了...,,,,,,1,,,,,,,
P0072,281,"“S码的我，穿不进中国的XL！”百万美国网友齐吐槽, 中国衣服小的太变态了...",,,,,,,,,,,,,
P0553,282,日本女子网上发帖称因怀孕遭老公嘲笑胖，竟被1.5亿人围观！网友纷纷留言“恐吓”…,,,,,,,,,,,,,
P1025,283,这种食物每一口都在加速衰老，过量摄入还会折寿！很多人都爱吃,,,,,,,,,,,,,
P0594,284,林生斌新照曝光，身体发福，有人再曝纵火案另有猫腻，反噬真的来了？,,,,,,,,,,,,,
P0498,285,"慎入！5天放纵餐就会让大脑""中毒""?比胖10斤更恐怖，恢复正常饮食也难逆转...",,,,,,,,,,,,,
P0700,286,澳洲少女先暴食，后厌食，十年折磨如今进入姑息治疗…,,,,,,,,,,,,,
P0728,287,澳洲芭蕾少女骨瘦如柴仅27公斤！父母不给饭吃拼死训她，被捕后狡辩：女儿自愿的！,,,,,,,,,,,,,
P0291,288,华人教授当着儿女面枪杀妻子！清华学霸杀妻案终于开庭，凶手却被养的白白胖胖...,,,,,,,,,,,,,
P0736,289,"澳洲重大突破! 脱发, 发胖问题都能解决! 无数人将受益",,,,,,,,,,,,,
P0598,290,柳叶刀：全球青少年的未来，危机重重！,,,,,,,,,,,,,
P0775,291,男子肚大如孕妇，减肥12年肚子就不瘦！结果是54斤巨大肉瘤...哪吒啊,,,,,,,,,,,,,
P1091,292,震三观！英国BBC纪录片盘点全球最不健康饮食方式，中国人中了好多箭…,,,,,,,,,,,,,
P0696,293,"""澳洲大多数婴幼儿食品不符国际标准""",,,,,,,,,,,,,
P0305,294,“只吃汉堡也能瘦”“只喝奶茶也能瘦”？真相出人意料,,,,,,,,,,,,,
P1061,295,重磅！澳洲减肥新药获批：每月费用$395起，减重可达20%,,,,,,,,,,,,,
P0885,296,职场有毒！24岁华人妹子上班1年增重40斤！辞职后的变化震惊全球网友…,,,,,,,,,,,,,
P0015,297,25条防癌细节，花几分钟看完受益一辈子,,,,,,,,,,,,,
P0460,298,已致10人死亡100人住院，这些药有风险，有人在药里发现黑色颗粒物！,,,,,,,,,,,,,
P0375,299,坚持这样吃，3个月后血压血脂“双降”！其他指标也好了,,,,,,,,,,,,,
P0249,300,减肥5年成健美冠军 少年惊传家中猝逝年仅19岁,,,,,,,,,,,,,
P0562,301,"晚餐食物决定寿命, 6种多吃, 4种少吃! 澳洲人长寿秘诀大公开!",,,,,,,,,,,,,
P0546,302,新西兰还是“养娃天堂”吗？这个认知正在被颠覆！,,,,,,,,,,,,,
P0552,303,日本全球最瘦，却又全球最“寿”！日本人为啥这么瘦、又那么寿？,,,,,,,,,,,,,
P0514,304,打死也不回国！网红鼻祖“凤姐”逃往美国十余年，如今胖得不敢认！坦言：美国梦难做,,,,,,,,,,,,,
P0748,305,【热议】西澳更多青少年开始服用Ozempic控糖，只因……,,,,,,,,,,,,,
P0295,306,南澳拟禁在公共交通上播放这类广告，7月1日生效！引发广告业强烈不满,,,,,,,,,,,,,
P0565,307,曝光温哥华超市打折内幕！这些天天打折的食品，有陷阱千万别买！,,,,,,,,,,,,,
P0566,308,"黑幕曝光! 澳超市这些热销食品, 吃多易上瘾, 喂养癌细胞, 增加早逝风险",,,,,,,,,,,,,
P0407,309,女大学生怀胎7月被当肾病医治后身亡，当地卫健委介入调查,,,,,,,,,,,,,
P0734,310,澳洲这个家家必备的食物，其实一直都被冤枉了！,,,,,,,,,,,,,
P0571,311,"最新研究: 爆红澳洲的减肥药, 竟能预防老年痴呆! 风险直线下降33%",,,,,,,,,,,,,
P1080,312,阿德多所顶尖私校被爆丑闻！欺凌、骚扰、厌女、种族歧视！南澳州长：这很普遍！,,,,,,,,,,,,,
P0394,313,大叔因跟好莱坞明星莱昂纳多惊人相似意外走红！近期却不幸失业因为，发福了...,,,,,,,,,,,,,
P0009,314,7个不起眼的小习惯，其实可以养肝,,,,,,,,,,,,,
P0731,315,"澳洲超市最受欢迎的超级水果, 竟能解决困扰无数人的问题! $2就能买到",,,,,,,,,,,,,
P0760,316,王宝强将再当爹？冯清现身公司有助理陪伴，肚子凸起明显疑怀孕,,,,,,,,,,,,,
P0096,317,一天一杯咖啡到底是“加速衰老”还是“延缓衰老”？答案让人意外,,,,,,,,,,,,,
P0266,318,"刚刚, 78岁特朗普去体检了! 报告公布! 看完全球人两眼一黑!",,,,,,,,,,,,,
P0569,319,最新！谷歌工程师杀妻案再开庭，律师再用“拖延战术”，凶手等得都发福了！,,,,,,,,,,,,,
P0714,320,澳洲政府又有大动作！超市大批商品可能要变贵！改变所有人的生活方式！,,,,,,,,,,,,,
P0861,321,美国大妈为减肥连续98天只吃沙丁鱼罐头！结果惊呆了,,,,,,,,,,,,,
P0430,322,完蛋！澳洲科学家刚刚找到肥胖的终极原因！摸摸脑袋一切都懂了,,,,,,,,,,,,,
P0055,323,2025体重新标准公布！100斤都算超重？,,,,,,,,,,,,,
P0085,324,一个人胖不胖，看“圆度指数”，比 BMI 更靠谱,,,,,,,,,,,,,
P0126,325,中国人真的，越来越胖了,,,,,,,,,,,,,
P0108,326,不是错觉：过了这个年纪，长胖真的更容易,,,,,,,,,,,,,
P0609,327,每4个孩子就有一人超重：这份小胖墩“减负”指南请收好,,,,,,,,,,,,,
P0056,328,"2025西普会 | 《2025体重管理蓝皮书》发布,零售药店成为承接长期体重管理需求与服务的关键渠道",,,,,,,,,,,,,
P1069,329,长得胖算什么，“体态崩了”才可怕！明明打扮精致，看着却更土了,,,,,,,,,,,,,
P0057,330,3900万新病例？儿童肥胖正在改写一代中国人的健康轨迹,,,,,,,,,,,,,
P0267,331,刚刚公布！澳洲儿童肥胖率全球第2！中国排名42！大量小胖墩引发专家担忧,,,,,,,,,,,,,
P1075,332,防止肥胖，要像猪一样吃饭,,,,,,,,,,,,,
P1010,333,身材决定寿命？研究发现：活过80岁的老人，身材大多有两个特征,,,,,,,,,,,,,
P0178,334,体脂秤是智商税吗？,,,,,,,,,,,,,
P0167,335,人设崩塌! 以瘦著称的法国人近半数超重?,,,,,,,,,,,,,
P0893,336,肥胖人数激增！澳洲将对学生进行体重测量？引发部分专家担忧,,,,,,,,,,,,,
P0052,337,"515斤""沪上第一胖""再开减重之路 目标3年减到200斤",,,,,,,,,,,,,
P1043,338,那些一胖就胖肚子的人，后来都怎么样了？,,,,,,,,,,,,,
P0151,339,为什么富人很少有肥胖的？网友们的盘点很扎心,,,,,,,,,,,,,
P0088,340,一个让你容易变胖、代谢变差的习惯，很多人天天都在做,,,,,,,,,,,,,
P0393,341,大于45岁和胖友必看！10周狂甩3公斤，腰围暴瘦3厘米！,,,,,,,,,,,,,
P0103,342,三种断食图鉴 间歇性禁食帮助解决肥胖烦恼,,,,,,,,,,,,,
P0495,343,意大利成欧洲儿童肥胖症“重灾区” 专家呼吁家校共同干预,,,,,,,,,,,,,
P0426,344,孩子胖胖的，是好事吗？,,,,,,,,,,,,,
P0347,345,唐代以胖为美？从唐代服饰探究其真假,,,,,,,,,,,,,
P0169,346,什么时候才能停止对马思纯身材的审视？,,,,,,,,,,,,,
P0551,347,日本人为什么吃不胖？这些原因，我到了日本之后，才知道,,,,,,,,,,,,,
P0181,348,何洁与家人清迈度假，体重反弹胖了有15斤，打扮倒是没那么土气了,,,,,,,,,,,,,
P0857,349,网红良子体重350多斤 胃袋占150多斤：不能这样吃了,,,,,,,,,,,,,
P0538,350,新加坡政府怎么应对儿童使用屏幕时间和肥胖问题？,,,,,,,,,,,,,
P0063,351,G胖变G瘦后玩家担心其健康状况:他出事游戏业将巨变,,,,,,,,,,,,,
P0492,352,惊呆！英国最胖小镇：人均200斤满街是大胖子？,,,,,,,,,,,,,
P0600,353,梨形身材才是最完美身材！中了基因彩票 寿命更长,,,,,,,,,,,,,
P0398,354,天津肥胖率全国第一，原因是这个？,,,,,,,,,,,,,
P0304,355,只会为角色减肥的女演员，真的放下体重焦虑了？！,,,,,,,,,,,,,
P0144,356,中年人的身材是“自律”的一部分，做到这几点，很重要！,,,,,,,,,,,,,
P0179,357,体重120斤以上的女人，别再穿阔腿裤了！换成这3种打扮更时尚显瘦,,,,,,,,,,,,,
P0145,358,中年因“发福”变“大妈”？网友：不同阶段不同美，别身材焦虑,,,,,,,,,,,,,
P0918,359,胖一点的老人和瘦一点的老人，谁更长寿？调查55万人后给出答案,,,,,,,,,,,,,
P0980,360,调查：10年间德国严重超重人数增加近1/3,,,,,,,,,,,,,
P0922,361,胖瘦由“菌”决定！增加肠道「瘦菌」，日本美慈利：这些食物让你越吃越瘦！,,,,,,,,,,,,,
P0554,362,日本女生为什么普遍“吃不胖”？高级感的瘦，是这样养成的！,,,,,,,,,,,,,
P0989,363,“贾玲在手机里胖了十斤”，那个快乐的贾玲又回来了,,,,,,,,,,,,,
P0783,364,瘦不下来，是身体给你最好的信号,,,,,,,,,,,,,
P0254,365,减肥有国家版指南了！国建卫健委明确减肥方法,,,,,,,,,,,,,
P0427,366,孩子身体出现这个变化，可能大脑正在偷偷变笨！要警惕,,,,,,,,,,,,,
P0533,367,搜狐全球医讯 | 到点儿不吃饭！更容易胖,,,,,,,,,,,,,
P0399,368,“天然泻药”被发现，一周吃几次，排出宿便降体重，简直福音,,,,,,,,,,,,,
P0602,369,梨形身材是基因彩票引发热议 身材关乎多种健康问题,,,,,,,,,,,,,
P0014,370,24岁大胃王胖到去世！狂吃成600斤“肉山”-,,,,,,,,,,,,,
P0807,371,研究发现，大脑神经元变形与中年肥胖有关,,,,,,,,,,,,,
P0708,372,澳洲或立法禁止垃圾食品广告！儿童肥胖每年造成$118亿损失,,,,,,,,,,,,,
P0379,373,墨尔本商场在女厕放体重秤，男厕却没有？网友炸了,,,,,,,,,,,,,
P0912,374,肥胖药物市场飙升：GLp-1类药物供不应求，诺和诺德、礼来等企业加大产能,,,,,,,,,,,,,
P0478,375,微胖入秋别这么穿！显胖又土气，真的太丑了！,,,,,,,,,,,,,
P0496,376,意大利超加工食品热销 是年轻人肥胖症重要诱因,,,,,,,,,,,,,
P0616,377,每天坐八小时和吸烟、肥胖一样有害,,,,,,,,,,,,,
P0210,378,健康调查：澳人饮酒过量 肥胖翻倍,,,,,,,,,,,,,
P0575,379,最新调查：澳人普遍寿命更长 体重增加,,,,,,,,,,,,,
P0670,380,澳大利亚儿童肥胖率创历史新高,,,,,,,,,,,,,
P0957,381,解决超重问题 新州考虑在公交系统实施垃圾食品广告禁令,,,,,,,,,,,,,
P0190,382,你要瘦下来，最起码在思想上,,,,,,,,,,,,,
P0012,383,23岁女硕士砸2万相亲 婚介包装四旬男冒充小鲜肉,,,,,,,,,,,,,
P0142,384,中央海岸法律所发生爆炸 警方搜捕60多岁矮胖男子,,,,,,,,,,,,,
P1086,385,陶洛诵 ： 从大S想到小四子,,,,,,,,,,,,,
P0725,386,澳洲糖尿病10年增长32% 报告建议征收糖税,,,,,,,,,,,,,
P0855,387,网红“翠花” 因过度减肥在训练营中去世 年仅21岁,,,,,,,,,,,,,
P1081,388,陆配亚亚返中即消失 疑被相关部门带走,,,,,,,,,,,,,
P0997,389,超重飞机乘客为自己预定两个座位 然而一位母亲要求……,,,,,,,,,,,,,
P0931,390,英国幼儿的饮食在世界上最差，专家警告,,,,,,,,,,,,,
P1088,391,陶洛诵：有情有义 有血有肉（连载一）,,,,,,,,,,,,,
P1087,392,陶洛诵 ： 小双的故事,,,,,,,,,,,,,
P0619,393,每日进食这两种食物可延年益寿！,,,,,,,,,,,,,
P0979,394,【读者投稿】走去走来 -,,,,,,,,,,,,,
P0112,395,专家：部分减肥注射剂可将癌症风险减半,,,,,,,,,,,,,
P0676,396,澳媒曝光30年研究结果！超市这几类食品别碰！,,,,,,,,,,,,,
P1079,397,阿尔巴尼斯警告澳人每天关闭一次手机 | 号称有减肥奇效 Ozempic 明年前恐一直缺货,,,,,,,,,,,,,
P1064,398,金正恩、普京和习近平,,,,,,,,,,,,,
P0223,399,全澳蔬菜食量最少州揭晓 多人因饮食不良住院,,,,,,,,,,,,,
P0531,400,揭秘胎盘：患上疾病是胎里定,,,,,,,,,,,,,
P0207,401,“健康老年人”的标准你达到了吗？,,,,,,,,,,,,,
P0809,402,研究发现：减肥药或有助戒烟,,,,,,,,,,,,,
P1097,403,韩庚演唱会被嘲吃相难看 身材像黄渤 跳不动了,,,,,,,,,,,,,
P1068,404,"长在这两个部位的脂肪,其实是一种优势",,,,,,,,,,,,,
P0158,405,乌龙胖?贾玲上镜胖十斤 网友晒出对比照,,,,,,,,,,,,,
P1105,406,香港女星减肥成功晒事业线 住2千尺北京豪宅,,,,,,,,,,,,,
P0029,407,"45岁张柏芝最新露面:扎麻花辫略发福,颜值有变化",,,,,,,,,,,,,
P0411,408,她因巨大鼻子走红 大量恶评让她整容 她却自信,,,,,,,,,,,,,
P0950,409,"被潘玮柏老婆泳装照惊艳:身材凹凸有致,白到发光",,,,,,,,,,,,,
P1018,410,这一代中国孩子 正在经历肌肉力量危机,,,,,,,,,,,,,
P0974,411,许玮甯产后首露面白到发光 孕期胖24斤没影响,,,,,,,,,,,,,
P0937,412,范冰冰受封拿督 获新大佬支持 进军海外市场,,,,,,,,,,,,,
P0623,413,汪小菲三胎来了?马筱梅穿连衣裙小腹隆起,,,,,,,,,,,,,
P0772,414,用餐习惯改变恐非怪癖 专家示警:失智初期征兆,,,,,,,,,,,,,
P0621,415,比伯空降来表演 全场疯狂!结果却是个假的,,,,,,,,,,,,,
P0781,416,痴呆症成澳人“头号杀手”:未来十年患者或达百万,,,,,,,,,,,,,
P1044,417,"郎朗夫妇现身火锅店吃饭,吉娜穿超短裙好似少女",,,,,,,,,,,,,
P0789,418,百岁人口接近10万 日本人的长寿秘方是什么?,,,,,,,,,,,,,
P0383,419,多位明星自曝身体出状况 有人吃素有人暴瘦,,,,,,,,,,,,,
P0418,420,"如果上厕所时有3种异常,当心你的尿酸超标了",,,,,,,,,,,,,
P0397,421,天天治脑梗最后我也得了脑梗!上海专家自述,,,,,,,,,,,,,
P1096,422,韩国:金正恩携爱女赴中 或为巩固接班人地位,,,,,,,,,,,,,
P0942,423,"营养专家推荐秋吃坚果,每天一把有助护心",,,,,,,,,,,,,
P0182,424,佛州宣布废除所有疫苗强制令!在美国投下震撼弹,,,,,,,,,,,,,
P0425,425,"学生持证骑骆驼上学,网络爆红!兰州大学回应",,,,,,,,,,,,,
P0354,426,困住东亚女性的羞耻感 她们讲成脱口秀段子,,,,,,,,,,,,,
P0556,427,日本综艺减肥实测:51岁胖妈两周怒减6斤,,,,,,,,,,,,,
P0243,428,养「背」就是在养五脏六腑!医生力荐3个方法,,,,,,,,,,,,,
P0796,429,"知名港星失联:手机号码停用,丧妻后与子女关系疏离",,,,,,,,,,,,,
P0053,430,"《731》票房破10亿:央视祝贺,它的火爆皆因这三点",,,,,,,,,,,,,
P0105,431,不打烊的麦当劳 收留了午夜上海的秘密-,,,,,,,,,,,,,
P0280,432,医生点名:这种“富贵包”很危险 怎样能缓解?,,,,,,,,,,,,,
P0995,433,"赶紧学起来!寿命长的人,吃饭大多有5个特点",,,,,,,,,,,,,
P0778,434,"留神!这类常见食物,吃下4小时血管就“变硬”",,,,,,,,,,,,,
P0459,435,巨石强森变“鹅卵石”:大肌霸的诸神黄昏,,,,,,,,,,,,,
P0232,436,"全球达标人数不足4%!护血管,最难做到的是“吃”",,,,,,,,,,,,,
P0739,437,"炒菜时做一个改变,你的全身炎症水平都降低了",,,,,,,,,,,,,
P0308,438,可抗癌、降三高的“哈佛蔬菜汤” 有那么神吗?,,,,,,,,,,,,,
P0632,439,"注意!心血管发病前12年,这个“指标”会变差",,,,,,,,,,,,,
P0177,440,体检发现肠息肉要切吗?这种几乎100%癌变,,,,,,,,,,,,,
P0390,441,多次被拍手背发黑 川普病情发展到哪个程度了?,,,,,,,,,,,,,
P0851,442,纽约时报:“特朗普去世”阴谋论为何喧嚣尘上,,,,,,,,,,,,,
P0614,443,"每天在这个时间段运动,心血管获益最大",,,,,,,,,,,,,
P0843,444,"“精灵王子”暴瘦30斤,连续3周只吃黄瓜金枪鱼",,,,,,,,,,,,,
P0244,445,内娱白幼瘦之风 还是吹到了“女将军”赛道,,,,,,,,,,,,,
P0630,446,河南一幼儿园餐食走红 20元能吃到龙虾鲍鱼,,,,,,,,,,,,,
P0278,447,"北京这一夜:董璇苍老刘涛霸气,倪妮裙摆太大胆",,,,,,,,,,,,,
P0584,448,"李克勤携妻现身纽约:疑送儿子入学,妻子被赞冻龄",,,,,,,,,,,,,
P0340,449,周末飞韩国打200块变美针 白领迷上特种兵医美,,,,,,,,,,,,,
P0271,450,别再嘲沈腾老婆胖了，这5位男星都娶了“胖老婆”，却个个很宠妻,,,,,,,,,,,,,
P0587,451,李湘机场照火了！身材又胖了一圈，走路时连肉都在抖动！喜感十足,,,,,,,,,,,,,
P0385,452,多做这件事，真的能更聪明！,,,,,,,,,,,,,
P0591,453,杨采钰官宣当妈，孕晚期运动视频曝光，神秘老公是高富帅,,,,,,,,,,,,,
P0870,454,【美女】163cmD杯女私教，身材超100分，根本顶不住啊,,,,,,,,,,,,,
P1005,455,《跛豪》导演潘文杰去世，曾捧红吕良伟，与周星驰合作过，死因曝光,,,,,,,,,,,,,
P0275,456,制药业巨头诺和诺德，犯下不可思议的低级错误,,,,,,,,,,,,,
P0020,457,36岁丁俊晖现在！身家过亿却常住国外，大龄妻子气质不俗，挺胖乎,,,,,,,,,,,,,
P0234,458,全红婵不去学校上课！变壮遭网友质疑：半退役？还能参加奥运会？,,,,,,,,,,,,,
P0036,459,52岁港星陈慧珊现身大学，皮肤松垮身材发福似大妈，被指面带苦相,,,,,,,,,,,,,
P0888,460,肚子越大，脑子越小？肚子大可能“藏”着这些风险,,,,,,,,,,,,,
P0898,461,肥胖儿童如何减肥 关于肥胖的危害,,,,,,,,,,,,,
P0723,462,澳洲研究：女性腰部有点赘肉，可降低骨折危险！身体上的这6个“缺陷”反而让你更健康,,,,,,,,,,,,,
P0771,463,生物年龄倒转11岁！专家曝长寿3习惯，每天必吃维生素D,,,,,,,,,,,,,
P0938,464,范曾陷入家族内斗！带娇妻去法国看展拒见女儿，徐萌疑似怀孕上位,,,,,,,,,,,,,
P0589,465,李连杰的甲亢有多严重！体重难以控制，心跳130左右,,,,,,,,,,,,,
P0214,466,健身，榨干了多少女生的胸,,,,,,,,,,,,,
P0235,467,全红婵遭网暴：新华字典都不会查！回农村老家吧,,,,,,,,,,,,,
P0047,468,87岁范曾找到了，37岁娇妻徐萌已怀孕生子,,,,,,,,,,,,,
P1000,469,越南人瘦小刻板印象不再，过重肥胖增速傲全球,,,,,,,,,,,,,
P0320,470,吃播网红虫虫催吐风波升级！健身视频评论区沦陷，已经开始掉粉了,,,,,,,,,,,,,
P0026,471,42岁姚笛近照曝光，身材发福胖到认不出，自曝已经三年没化妆,,,,,,,,,,,,,
P0434,472,宣布放弃生子！消失2年拼命造人，两度人工受孕全部失败！胖到身体出问题才后悔,,,,,,,,,,,,,
P0752,473,爆火的减肥针：花6千瘦33斤，身体垮了,,,,,,,,,,,,,
P0030,474,46岁孙燕姿演唱会被吐槽服装太丑，太胖了...,,,,,,,,,,,,,
P0624,475,汪小菲夫妇参加婚宴，马筱梅小腹凸起疑怀孕,,,,,,,,,,,,,
P0611,476,每天3瓶！67岁妇人将“无糖饮料”当水喝，患糖尿病酮症,,,,,,,,,,,,,
P0039,477,56岁周立波近况曝光，豪宅内吃大餐老态尽显，发福秃顶撞脸潘长江，6年美国生活变化大,,,,,,,,,,,,,
P0119,478,业内曝88岁范曾天大喜讯，此前娇妻被曝怀孕了,,,,,,,,,,,,,
P0645,479,清华学霸杀妻案又开庭！拖了359天还没初审，凶手却养得白白胖胖…,,,,,,,,,,,,,
P0536,480,文章恋情曝光后首现身，左手戴戒指疑似二婚，与绯闻女友多次同台,,,,,,,,,,,,,
P0480,481,怎么减掉15斤赘肉？学习8个实用方法，让身材瘦下一圈,,,,,,,,,,,,,
P0342,482,哈佛医学：早睡，能减轻大部分的“人间疾苦”,,,,,,,,,,,,,
P0046,483,71岁林青霞近况曝光，独自现身重庆山顶写生，脸部圆润身材发福,,,,,,,,,,,,,
P0586,484,李湘有儿子风波升级，知情人曝更多内幕，疑合影被扒,,,,,,,,,,,,,
P0339,485,周末放纵恐成健康隐忧！澳洲研究：喝酒、熬夜可能加剧睡眠呼吸中止症,,,,,,,,,,,,,
P0311,486,台湾歌手千百惠突然去世，经纪人透露死因，最后露面晒大陆身份证,,,,,,,,,,,,,
P0184,487,你以为在减肥，其实很伤身！常见的 5 个“无效减肥”行为，比发胖还可怕,,,,,,,,,,,,,
P1107,488,香港知名女星容貌大变，出席活动突然中途退场，患甲亢身体出问题,,,,,,,,,,,,,
P0080,489,Uzi妻子更新Uzi肌肉照：健身卓有成效！,,,,,,,,,,,,,
P0830,490,离婚9年后，41岁白百何嫁导演老公被宠溺，50岁陈羽凡胖到认不出,,,,,,,,,,,,,
P0033,491,49岁林心如被网友恶评“肥大婶”，她高情商回复“羞耻心在哪”,,,,,,,,,,,,,
P0461,492,【帅哥】182杭州高帅小狼狗，沟壑深邃屈肌群伸肌群，立体感六块腹肌，你家缺搓衣板吗,,,,,,,,,,,,,
P1098,493,韩庚演唱会被嘲吃相难看！脸僵像王阳身材像黄渤，舞都跳不动了,,,,,,,,,,,,,
P0355,494,国企领导胡继勇的眼光真是差！女方靠整容翻身，6年前的体重160斤,,,,,,,,,,,,,
P0625,495,汪峰带森林北在新疆过七夕，为她买珠宝男友力十足,,,,,,,,,,,,,
P0412,496,她患“白雪公主综合征”，嫉妒亲女儿：她长大成美女，我变野兽了...,,,,,,,,,,,,,
P0025,497,42天瘦25公斤！武汉31岁“肥仔医生”逆袭成4冠健美先生,,,,,,,,,,,,,
P0628,498,沈腾儿子6岁生日宴在高级餐厅举行，小狮子蹦蹦跳跳，白白胖胖,,,,,,,,,,,,,
P0043,499,62岁千百惠去世原因曝光，患病后发胖到150斤，知三当三晚年凄凉,,,,,,,,,,,,,
P1012,500,辛芷蕾在国外带火了一种贵妇穿法：短外套+短裤，微胖圆脸真优雅,,,,,,,,,,,,,
P0825,501,硅谷杀妻案新进展：陈立人变白变胖，妈妈头发变白，将做无罪辩护,,,,,,,,,,,,,
P0441,502,对比41岁贾玲和沈腾老婆后，才发现压力胖和幸福肥的差距一目了然,,,,,,,,,,,,,
P0345,503,哪种体型的人更长寿？研究发现：这个部位“细”点好！,,,,,,,,,,,,,
P0663,504,澳人想睡个好觉？这3种“助眠超级食物”可多吃，3类,,,,,,,,,,,,,
P0675,505,澳女子生12个娃：各种费用纳税人全包 + 每年$4.6万,,,,,,,,,,,,,
P0001,506,1/3澳人患肝病，很多人可能不自知！想养肝试试这碗,,,,,,,,,,,,,
P0222,507,全民危机！这一病症成澳人最大死因，专家呼吁政府干预,,,,,,,,,,,,,
P0721,508,澳洲燕麦早餐竟会导致老年痴呆！一天吃一次都太多,,,,,,,,,,,,,
P0766,509,琼瑶生前得了什么病﹖5年前她曾透露发病时......,,,,,,,,,,,,,
P0889,510,肠胃不好多吃泡菜？“超级食物”是否存在？间歇性断食,,,,,,,,,,,,,
P0673,511,澳大利亚研究指出，高强度的运动锻炼或有助抗癌,,,,,,,,,,,,,
P0936,512,苹果辱华，与叶公好印：印第安人啥时候成了中国人,,,,,,,,,,,,,
P0742,513,烤面包“追求金黄”？！长期摄入烤糊食物恐致癌,,,,,,,,,,,,,
P0465,514,并非所有米饭都长胖！澳洲营养专家解析这6种米,,,,,,,,,,,,,
P0971,515,让运动减肥事半功倍！只需改变锻炼时间就能做到,,,,,,,,,,,,,
P1021,516,这位科技富豪探索“青春永驻”：其实抗衰老没那么难！,,,,,,,,,,,,,
P0832,517,“种子油”真的危害健康吗？澳洲营养专家揭穿一切,,,,,,,,,,,,,
P0687,518,澳洲人都爱吃的它，被发现竟是天然的“助眠神器”...,,,,,,,,,,,,,
P1092,519,震惊！澳洲最新研究：无糖汽水比含糖的更毒！,,,,,,,,,,,,,
P0698,520,澳洲如此“划分阶层”：你的身材竟然决定了你的阶级！,,,,,,,,,,,,,
P1077,521,阿娇又复胖？ ！圆脸粗手粗腿 对比女主持超残酷,,,,,,,,,,,,,
P0909,522,肥胖症患者的福音，这种药目前已在澳洲上市，赶快来看,,,,,,,,,,,,,
P0172,523,从控糖减肥到抗炎抗老，Ozempic为何成为“神药”代名词？,,,,,,,,,,,,,
P0620,524,毒蘑菇厨子四次企图谋害前夫 曾任空中交通管制员,,,,,,,,,,,,,
P0878,525,羽球员手上绑的黑环是什麽？ 医：监测身体「这数字」,,,,,,,,,,,,,
P0161,526,习近平女儿真面目曝光？网PO证件照引热议,,,,,,,,,,,,,
P0233,527,全球领先！在澳洲这地，身体突发不适，你的存活率很高！,,,,,,,,,,,,,
P0823,528,破天荒！澳洲邮政官宣大变化，网友：终于等到这一天,,,,,,,,,,,,,
P0573,529,最新研究：经常喝这类咖啡或增加眼部疾病风险！医生建议少喝！,,,,,,,,,,,,,
P0008,530,6部位“黑黑的” 恐是糖尿病 严重还飘异味,,,,,,,,,,,,,
P0947,531,血管堵塞的信号，往往出现在起床时！这3种异常，要提高警惕,,,,,,,,,,,,,
P0662,532,澳人家中常备“神药”被曝“不安全”？澳政府紧急寻求建议,,,,,,,,,,,,,
P0658,533,潘玮柏大走钟「胖到看不见脖子」 网笑：应该改名叫「潘玮厚」,,,,,,,,,,,,,
P0175,534,以为是健康零食！她上班狂吃「脸烂爆痘」 中医师揭5隐忧,,,,,,,,,,,,,
P0475,535,徐静蕾首回应秘密生女传闻 晒49岁近照认胖了很多,,,,,,,,,,,,,
P0640,536,流行糖尿病药物Ozempic将长时间短缺！供应要明年才有改善,,,,,,,,,,,,,
P0965,537,警惕！又有澳洲华人换汇蒙损，损失惨重更险被刑拘！骗汇者：“对我又没有影响”,,,,,,,,,,,,,
P0022,538,39岁郭碧婷正式复出！虎背熊腰胖了50斤，复出原因疑曝光,,,,,,,,,,,,,
P0665,539,澳人最常喝的饮品，每天一杯，竟能降低心脏病风险！,,,,,,,,,,,,,
P0285,540,千亿儿媳！54岁李嘉欣高调宣布复出！传开工价5000万,,,,,,,,,,,,,
P0782,541,痴呆症跃居澳洲头号死因！专家警告：10年内或超百万患者,,,,,,,,,,,,,
P0735,542,澳洲这款特效药被严格限制供应！想买超级难了,,,,,,,,,,,,,
P0537,543,新减肥“神药”在澳洲药房上市！疗效不输Ozempic,,,,,,,,,,,,,
P0468,544,张凌赫撞脸这些「天王级男神」！ 自曝曾因太胖遭女生嫌弃,,,,,,,,,,,,,
P0730,545,澳洲超市常见健康米竟含致癌物，每天三勺就超标！,,,,,,,,,,,,,
P0227,546,全球女性罩杯排名出炉：挪威D罩登顶，澳洲平均B罩,,,,,,,,,,,,,
P1035,547,逆龄美貌? 75岁王薇薇穿白裙出席颁奖会引发争议,,,,,,,,,,,,,
P0836,548,突发警告！澳洲超市这款畅销品爆雷，或将引发各种癌症！千万别用啦.,,,,,,,,,,,,,
P1082,549,陈妍希「一天只吃一顿饭」 遭批制造容貌焦虑引发争议,,,,,,,,,,,,,
P1093,550,霍思燕胖一圈遭疑怀二胎 「腹部隆起」画面网疯传,,,,,,,,,,,,,
P0996,551,超1000斤的前世界最胖男子，瘦身后失恋又胖回去了,,,,,,,,,,,,,
P1023,552,这是黄晓明？暴肥15公斤「脸圆肚凸又秃头」自嘲：喝水都胖,,,,,,,,,,,,,
P0883,553,《老情歌》吕方暴肥模样曝光 「胖到看不见脖子」身材大走钟,,,,,,,,,,,,,
P1066,554,锺欣凌「我的婆婆2」胖到80公斤 阿信追剧爆彩蛋,,,,,,,,,,,,,
P1050,555,郭碧婷《浪姐5》路透，近状曝光胖了一圈，双下巴明显超有贵妇范,,,,,,,,,,,,,
P0163,556,亚洲首富之子为结婚，18个月减肥216斤，婚礼还没办，又胖回去了,,,,,,,,,,,,,
P0489,557,惊人！ 最新研究曝「全球逾10亿人肥胖」 比预期提早8年,,,,,,,,,,,,,
P0606,558,歧视胖人？韩国地铁扶梯标识惹大量争议,,,,,,,,,,,,,
P0016,559,29年前泳装照出土羞喊：太胖！贾静雯「浪姐」激瘦回国小体重,,,,,,,,,,,,,
P0605,560,欧阳娜娜「腰间肉溢出」画面疯传！网一看全愣了：太尴尬,,,,,,,,,,,,,
P0722,561,澳洲牛奶好，但很多人都选错了！长寿专家建议，这样选才最好,,,,,,,,,,,,,
P0011,562,15年后，澳洲一半儿童都会变成“小胖子”？,,,,,,,,,,,,,
P0560,563,是时候改变你对肥胖的认知了,,,,,,,,,,,,,
P0762,564,王思聪日本逛街 头发斑秃又胖了 新女伴风格大变,,,,,,,,,,,,,
P0669,565,澳华人初创企业斩获巨额资金：AI助力研发抗衰老药物，帕金森、阿尔茨海默和肥胖症患者新希望,,,,,,,,,,,,,
P0703,566,澳洲年轻人癌症发病率上升,,,,,,,,,,,,,
P0523,567,拒绝“垃圾食品广告”！维州癌症委员会呼吁政府创造健康交通环境,,,,,,,,,,,,,
P0718,568,澳洲最新全民健康调查数据出炉：烟民数量减少 近2/3澳人过度肥胖,,,,,,,,,,,,,
P0694,569,澳洲千禧一代癌症发病率惊人上升 不良饮食、缺乏运动和肥胖增加患癌风险,,,,,,,,,,,,,
P0599,570,《柳叶刀》：应对“肥胖危机”不利 到2050年全球近六成人口或超重,,,,,,,,,,,,,
P0558,571,旨在解决儿童肥胖问题 联邦立法草案瞄准“垃圾食品”广告,,,,,,,,,,,,,
P0692,572,澳洲医学会呼吁对含糖饮料征税 遏制肥胖危机,,,,,,,,,,,,,
P0134,573,中国肥胖地图来了！超四成男性超重,,,,,,,,,,,,,
P0129,574,中国多地开设减重门诊 关注“胖”更要关心“人”,,,,,,,,,,,,,
P0689,575,澳洲儿童超重问题全球第二 利比亚占据榜首,,,,,,,,,,,,,
P0981,576,调查指香港超过一半人超重或肥胖,,,,,,,,,,,,,
P0136,577,中国首个省级健康体重指导中心落地浙江杭州,,,,,,,,,,,,,
P0659,578,澳17岁少女体重仅27公斤！父母当庭辩称：她本来就是早产儿,,,,,,,,,,,,,
P0277,579,助眠神器竟然是纯天然的，澳洲全球消费大户,,,,,,,,,,,,,
P0231,580,全球研究發現：到2050年，澳洲一半兒童和年輕人將受肥胖和超重影響,,,,,,,,,,,,,
P0690,581,澳洲兒童肥胖率達危險臨界點 公共衛生拉響警報,,,,,,,,,,,,,
P0140,582,中國肥胖率飆升 有望匹敵美國,,,,,,,,,,,,,
P0940,583,華人服務社2025慈善晚宴 幫助多元文化長者與社會聯繫,,,,,,,,,,,,,
P0068,584,Ozempic生產商諾和諾德股價暴跌後解僱其首席執行官,,,,,,,,,,,,,
P0652,585,減肥藥需求為塔斯馬尼亞罌粟產業開闢了新市場,,,,,,,,,,,,,
P0680,586,澳洲、新西蘭乳腺癌發病率全球最高,,,,,,,,,,,,,
P0082,587,Wegovy®司美格魯肽2.4mg現已在澳大利亞上市,,,,,,,,,,,,,
P0334,588,《吳醫師保健養生堂第五十二講》— 胃酸反流之一 吳宇琛,,,,,,,,,,,,,
P0195,589,保護自我、守護社區，共度流感季,,,,,,,,,,,,,
P0330,590,《吳醫師保健養生堂第三十七講》 — 髕骨軟骨退行性變和髕骨骨折 吳擎添,,,,,,,,,,,,,
P0332,591,《吳醫師保健養生堂第三十五講》 — 痛風 吳擎添,,,,,,,,,,,,,
P0331,592,《吳醫師保健養生堂第三十二講》 — 食療（六） 吳宇琛,,,,,,,,,,,,,
P0333,593,《吳醫師保健養生堂第二十八講》 — 淺談減肥 吳宇琛,,,,,,,,,,,,,
P0062,594,CSIRO發現只有五分之二的澳大利亞人攝入了足夠的蔬菜,,,,,,,,,,,,,
P0386,595,多元文化保健周新聞發佈會 推廣活動身體，弘揚文化,,,,,,,,,,,,,
P0436,596,家长们應给儿童和青少年接种流感疫苗,,,,,,,,,,,,,
P0539,597,新州衛生部召開記者會為65歲以上老人防範流行病提供建議,,,,,,,,,,,,,
P1065,598,金正恩有意培養女兒金主愛作為北韓接班人,,,,,,,,,,,,,
P0132,599,中国社会面临肥胖危机 超重人口比例或将超过美国,,,,,,,,,,,,,
P0826,600,碳水不是“敌人”：拒绝误导 别让流行饮食绑架健康,,,,,,,,,,,,,
P0127,601,中国儿童肥胖率激增：中餐是否在导致我们发胖？,,,,,,,,,,,,,
P0508,602,“我这一生，很完美”：百岁上海老人虞琦萍的故事,,,,,,,,,,,,,
P0622,603,气旋突袭黄金海岸：有人被困急哭，有人反被喂胖，有人忙爆单，有人反对采访,,,,,,,,,,,,,
P0477,604,【微声音】打工人“自救”指南：如何花式去班味儿？,,,,,,,,,,,,,
P0180,605,体重不知不觉就增加？7个方法帮你减肥,,,,,,,,,,,,,
P1006,606,跨越无声与有声：澳洲华人Fei从手语中学到了什么？,,,,,,,,,,,,,
P0417,607,如何让碳水化合物变得多吃不易胖 甚至越吃越瘦？,,,,,,,,,,,,,
P0550,608,无数孩子正期待他的来访 你知道圣诞老人起源是什么吗？,,,,,,,,,,,,,
P1042,609,避免假期肥胖的N个实用对策 总有一款适合你,,,,,,,,,,,,,
P0070,610,台湾电影《大饿》：肥胖与自我的和解之旅,,,,,,,,,,,,,
P0504,611,【我们的故事】“偷报纸的人”和流浪者的礼包：Phoebe奶吧里的故事,,,,,,,,,,,,,
P0102,612,三年前一個決定讓他成為「網紅」 收穫積極支持,,,,,,,,,,,,,
P0297,613,南澳擬禁垃圾食物廣告 廣告業界批無理：三文治都不可賣廣告,,,,,,,,,,,,,
P0162,614,二等公民：澳大利亚可避免死亡率的“残酷”现实,,,,,,,,,,,,,
P0387,615,多囊卵巢綜合症影響深遠 不只健康更影響外觀生育,,,,,,,,,,,,,
P0651,616,【減肥神葯】研究發現存在導致眼盲風險,,,,,,,,,,,,,
P0541,617,新报告：澳人的预期寿命是多少？有哪些主要疾病负担？,,,,,,,,,,,,,
P0542,618,新报告揭澳人常见死亡原因 有哪些“疾病杀手”?,,,,,,,,,,,,,
P1036,619,逾6成澳洲人口屬肥胖 議員倡減垃圾食物廣告,,,,,,,,,,,,,
P0476,620,從「三高」到「跑全馬」：運動改變了這位華人的生命,,,,,,,,,,,,,
P0171,621,从“三高”到15年“跑马”：这位华人如何通过改变生活方式自救？,,,,,,,,,,,,,
P0444,622,【專家話你知】從中醫角度看備孕 肥胖凍飲辛辣均是大忌,,,,,,,,,,,,,
P0352,623,四分之一澳洲人曾中风 如何预防中风？,,,,,,,,,,,,,
P0650,624,減肥減極都唔成功? AI可能幫到你,,,,,,,,,,,,,
P0672,625,澳大利亚癌症理事会：阿斯巴甜致癌不应引起恐慌,,,,,,,,,,,,,
P0828,626,禁播垃圾食品電視廣告 真可打救肥胖兒童？,,,,,,,,,,,,,
P0972,627,议员主张禁播“垃圾食品”广告 以消除儿童肥胖问题,,,,,,,,,,,,,
P0071,628,回应糖税呼声 澳洲联邦政府：没有计划征收,,,,,,,,,,,,,
P0952,629,装化工油车运输食用油 澳洲证实进口涉事中国公司食用油,,,,,,,,,,,,,
P0806,630,研究人员新发现两种脑退化症风险因素 中年和晚年需注意什么？,,,,,,,,,,,,,
P0839,631,笑话天地2,,,,,,,,,,,,,
P1027,632,进入更年期女性的养生保健,,,,,,,,,,,,,
P0202,633,健康生活 仁心仁術  髖關節僵硬(Stiff Hip),,,,,,,,,,,,,
P0117,634,世衛將阿斯巴甜 列為致癌誘因,,,,,,,,,,,,,
P0948,635,表面風光內裡堪憂的杭州亞運,,,,,,,,,,,,,
P0641,636,浪漫,,,,,,,,,,,,,
P0875,637,美斯缺席香港友誼賽的餘波,,,,,,,,,,,,,
P0753,638,爱情，爱的疑惑,,,,,,,,,,,,,
P1102,639,風影,,,,,,,,,,,,,
P0203,640,健康生活，仁心仁術，平底足(Over-pronated Foot/Flat Foot),,,,,,,,,,,,,
P0608,641,殘缺也是美,,,,,,,,,,,,,
P0391,642,夢繞湄公河畔,,,,,,,,,,,,,
P0845,643,"紅磨坊-是的,我們康康!",,,,,,,,,,,,,
P0964,644,談談健身室,,,,,,,,,,,,,
P0779,645,當猪長着 翅膀,,,,,,,,,,,,,
P0463,646,年輕人罹癌趨勢上升,,,,,,,,,,,,,
P0963,647,談文說藝  跑起來,,,,,,,,,,,,,
P0666,648,澳人飲食結構將更惡化 2030垃圾食品攝取恐增18%,,,,,,,,,,,,,
P0561,649,時尚界再掀超薄風讓人遺憾 專家憂社群媒體推恐胖風潮,,,,,,,,,,,,,
P0298,650,南澳禁公交垃圾食品廣告 綠黨籲聯邦效仿保護孩子,,,,,,,,,,,,,
P1106,651,香港小學生肥胖率10年低 中學生20%居高未下,,,,,,,,,,,,,
P0301,652,去寺廟「幹飯」 都市青年紓壓新法 寺廟經濟也創收,,,,,,,,,,,,,
P0603,653,榮升人妻後首亮相 吳千語食物中毒狂嘔被誤有喜,,,,,,,,,,,,,
P0660,654,澳50歲下腸癌發病增加 微塑料或增風險仍有待研究,,,,,,,,,,,,,
P0894,655,肥胖人群晚上運動效果更好 或有助肥胖和血糖管理預防,,,,,,,,,,,,,
P0887,656,聯合國警告全球兒少肥胖率 首度超越體重過輕,,,,,,,,,,,,,
P0455,657,少年兒童肥胖問題日益嚴重 聯合國警告澳立法遏制垃圾食品,,,,,,,,,,,,,
P0219,658,兒童肥胖和2型糖尿病增加 醫學會籲征糖稅政府已排除,,,,,,,,,,,,,
P0737,659,澳肥胖症治療每年至少120億 政府正考慮減肥藥PBS補貼,,,,,,,,,,,,,
P0647,660,減少兒童和成人肥胖 南澳公交將禁火腿等加工肉廣告,,,,,,,,,,,,,
P0795,661,睡前奶瓶餵養風險高 容易導致肥胖和蛀牙,,,,,,,,,,,,,
P0368,662,國際機構建議將肥胖分兩類 BMI不應作為唯一鑒別標准,,,,,,,,,,,,,
P0006,663,4部門聯合發文 預防中小學生超重肥胖最新政策,,,,,,,,,,,,,
P0678,664,澳子宮內膜癌是20年前兩倍 多肥胖症約15%是年輕女性,,,,,,,,,,,,,
P0260,665,出席《世界肥胖日2024》宣傳活動 車婉婉與陳志雲呼籲關注肥胖問題,,,,,,,,,,,,,
P0787,666,發現致肥胖患者心衰蛋白質 現有阿爾茲海默藥物可用,,,,,,,,,,,,,
P0242,667,具治療肥胖症效果需求大 糖尿病新藥剛上市即脫銷,,,,,,,,,,,,,
P0376,668,垃圾食品廣告導致兒童肥胖 成本昂貴提案籲嚴管和重罰,,,,,,,,,,,,,
P0765,669,理大中大合研治肥胖新藥,,,,,,,,,,,,,
P0118,670,世衛組織修訂肥胖管理方針 稱藥物並非萬靈丹,,,,,,,,,,,,,
P0842,671,簡單措施可讓澳少死1600人 專家批應對肥胖缺國家支持,,,,,,,,,,,,,
P0276,672,劉亦菲驚爆發福 臉圓身材腫一圈 網：肉肉的才好看,,,,,,,,,,,,,
P0176,673,伊能靜巴黎狂吃甜點稱發福了,,,,,,,,,,,,,
P1085,674,陳展鵬唔覺老婆發福 郭珮文不介意身材,,,,,,,,,,,,,
P0590,675,李雪琴演活「折腰」胖丫鬟 自爆胃部切除8顆息肉,,,,,,,,,,,,,
P0654,676,減重後被說復胖 賈玲分享運動日常,,,,,,,,,,,,,
P0518,677,「折腰」李雪琴演搞笑胖丫鬟走紅,,,,,,,,,,,,,
P0646,678,減少兒童和成人肥胖 南澳公交將禁火腿等加工肉廣告,,,,,,,,,,,,,
P0949,679,被傳復胖 賈玲生日照曝光,,,,,,,,,,,,,
P0137,680,中國人持續增高又變胖 官方續推「體重管理年」,,,,,,,,,,,,,
P0985,681,賈玲「增胖激瘦」不喊苦 下部作品曝光,,,,,,,,,,,,,
P1074,682,關曉彤胖成27歲少婦 網友辣評,,,,,,,,,,,,,
P0593,683,杭州女大生擺攤賣畫救母傳來好消息 媽媽康復「白白胖胖」,,,,,,,,,,,,,
P0986,684,賈玲被質疑「復胖」 現身活動被「搶拍」,,,,,,,,,,,,,
P0960,685,許光漢飛韓國頂零下21度拍攝 自嘲吃澱粉有點變胖,,,,,,,,,,,,,
P0919,686,胖到認不出 42歲姚迪罕見現身,,,,,,,,,,,,,
P0420,687,「婉君」俞小凡復出想拍戲 最近煩惱是「吃不胖」,,,,,,,,,,,,,
P0423,688,孕婦飲食關聯兒童肥胖風險 魚和雞蛋或會導致風險升高,,,,,,,,,,,,,
P0740,689,為雙蠟像揭幕 內地歌手蔡徐坤認之前較胖,,,,,,,,,,,,,
P1089,690,陸飲食結構研究：麵比飯易發胖,,,,,,,,,,,,,
P0648,691,「減肥100斤後觀眾緣變差」 賈玲稱體重少了魂又沒換,,,,,,,,,,,,,
P0422,692,孕婦產檢因「體重超標」心碎 污名化影響女性參與醫療,,,,,,,,,,,,,
P0141,693,中國醫學科技界首推減重AI大模型 拍照上傳自動管理體重,,,,,,,,,,,,,
P0447,694,對學生定期稱重可提前干預 反對者憂關注體重致恥辱感,,,,,,,,,,,,,
P0588,695,李湘機場被偶遇 身材「富態」,,,,,,,,,,,,,
P0341,696,周華健身材變化引熱議 曬「腹肌」幽默回應,,,,,,,,,,,,,
P1067,697,長期疲勞、睡覺狂打呼 小心恐是睡眠呼吸中止症,,,,,,,,,,,,,
P0348,698,唐獎得主受邀亞洲生技大會 談GLP-1減重與戒酒應用,,,,,,,,,,,,,
P0349,699,唐獎生醫獎得主莫依索夫 執著探索物種代謝機能,,,,,,,,,,,,,
P0395,700,大約每5位更年期婦女 有1位有三高異常問題 護心5要訣 遠離心血管疾病風險,,,,,,,,,,,,,
P0559,701,早餐吃麵包、蛋餅超NG 易累想睡情緒差,,,,,,,,,,,,,
P0361,702,國中生體重150公斤後頸黑色棘皮 差點引發糖尿病,,,,,,,,,,,,,
P0034,703,50歲以上男性半數有泌尿困擾 醫學會發起關懷月,,,,,,,,,,,,,
P0535,704,整天滑3C不離手 兒童青少年脂肪肝比例增,,,,,,,,,,,,,
P1114,705,高血脂盛行率達3成 「控脂4招」保健康,,,,,,,,,,,,,
P0824,706,破除備孕迷思 把握黃金生育期,,,,,,,,,,,,,
P0865,707,美國明年退出WHO 世衛大會5/19登場擬商討縮減規模,,,,,,,,,,,,,
P0497,708,感冒恐增心血管疾病風險 醫：三高酗酒缺運動需警覺,,,,,,,,,,,,,
P0312,709,【台適生活】 世上唯二用繁體字的地方|樂活,,,,,,,,,,,,,
P0433,710,定期健康檢查 數據紅字莫慌張 三高異常、代謝症候群 讓專業醫事人員幫助您,,,,,,,,,,,,,
P1041,711,遠離腎臟病，控制三高是關鍵 !,,,,,,,,,,,,,
P0428,712,學童愛逛便利商店 營養師推薦健康課後點心清單,,,,,,,,,,,,,
P1040,713,遠離子宮內膜癌 就從「警覺出血」開始,,,,,,,,,,,,,
P0866,714,美國男嬰接受客製化基因編輯治療 全球首例為罕病患者帶來希望,,,,,,,,,,,,,
P1062,715,重視公開哺乳權 媽媽自在哺乳 共同營造更友善哺乳環境,,,,,,,,,,,,,
P0350,716,單純脂肪肝對B肝有保護力？台大醫院研究揭意外發現,,,,,,,,,,,,,
P0309,717,台南男腋下汗腺發炎化膿逾2年 手術切除植皮獲改善,,,,,,,,,,,,,
P0421,718,子宮內膜過厚恐罹癌 醫籲多囊等6族群定期檢查,,,,,,,,,,,,,
P1055,719,醫學會調查：8成女性睡不好未就醫 心血管風險增,,,,,,,,,,,,,
P0458,720,屏東醫院引進內視鏡袖狀胃縫合術 縮短恢復期,,,,,,,,,,,,,
P1112,721,體脂偏高小心罹患「CKM症候群」 心、腎、代謝疾病連環爆,,,,,,,,,,,,,
P0200,722,「健康台灣」第3次委員會議 總統期盼公私部門協力合作降低慢性病及失能風險 多管齊下解決臺灣醫療問題 早日達到健康台灣願景,,,,,,,,,,,,,
P0238,723,公費流感抗病毒藥劑對象 8月起增產婦、肥胖兒少,,,,,,,,,,,,,
P0279,724,北醫大：攝取代糖精子死亡率增 恐影響男性生育力,,,,,,,,,,,,,
P0607,725,死亡人數比癌症還多 三高「888」計畫拚2028年達標,,,,,,,,,,,,,
P0815,726,研究指精子佳壽命多2.7年 無糖飲守護性福,,,,,,,,,,,,,
P0943,727,萬聖節別落入甜蜜陷阱 親子共煮南瓜點心好健康,,,,,,,,,,,,,
P0802,728,研究：住家附近餐飲攸關兒童肥胖 滷味是隱藏地雷,,,,,,,,,,,,,
P0381,729,外送也能吃出健康 醫師推「993」原則減脂,,,,,,,,,,,,,
P0218,730,「兒童健康體位大富翁」打造未來主人翁,,,,,,,,,,,,,
P0814,731,研究指45%失智症可預防 國衛院推40歲起5大守則,,,,,,,,,,,,,
P0801,732,研究：中重度睡眠呼吸中止症 逾5成是非肥胖青壯年,,,,,,,,,,,,,
P0193,733,促進台灣波蘭文化交流 駐處推出創意春節賀歲片,,,,,,,,,,,,,
P0805,734,研究：運動後搭配高蛋白飲食 有助於抑制食慾,,,,,,,,,,,,,
P0246,735,冬天易變胖？營養師：掌握2大飲食原則 保暖又瘦身,,,,,,,,,,,,,
P0800,736,研究：一線糖尿病用藥二甲雙胍可降失智風險,,,,,,,,,,,,,
P1115,737,高雄夫妻肥胖困擾 「無痕胃拉提」助甩肉共50公斤,,,,,,,,,,,,,
P0003,738,3歲童體重16公斤 醫：含糖飲當水喝恐傷專注力,,,,,,,,,,,,,
P1090,739,雙北胖小弟47.4%有脂肪肝 醫籲遠離3大NG作息,,,,,,,,,,,,,
P0818,740,研究糖尿病成因獲唐獎 哈本能：肥胖可控制,,,,,,,,,,,,,
P1054,741,醫：全台青少年每3人就有1個胖 成年後死亡風險較高,,,,,,,,,,,,,
P0776,742,男子身材偏瘦酒後突心肌梗塞 壞膽固醇超過2倍,,,,,,,,,,,,,
P0502,743,成年女性逾半腰圍過粗 醫籲母親節用擁抱關心健康,,,,,,,,,,,,,
P0310,744,台南男體重腰圍都破百 患重度脂肪肝減重助改善,,,,,,,,,,,,,
P0382,745,外食族身材管理挑戰多 營養師揭健康餐盒4地雷,,,,,,,,,,,,,
P0002,746,3招動一動 拒久坐 避免肥胖 健康一定棒,,,,,,,,,,,,,
P0649,747,減肥怕卡關又復胖 台大醫院集結30年經驗成祕笈,,,,,,,,,,,,,
P0847,748,「經濟艙症候群」恐致死 醫：久坐、肥胖皆高風險,,,,,,,,,,,,,
P0060,749,BMI無肥胖少女高血脂 醫：有家族遺傳飲食要忌口,,,,,,,,,,,,,
P0400,750,天熱流汗可減重？醫：少動又狂喝飲料反變胖,,,,,,,,,,,,,
P0363,751,國內兒童及青少年平均約每3位就有1位過重或肥胖 善用三撇步 暑假體位健康不超標,,,,,,,,,,,,,
P0018,752,30歲男每天10顆慢病藥 手術加調整生活減100公斤,,,,,,,,,,,,,
P0005,753,4成過年變胖均增1.7公斤 營養師：冬天瘦身黃金時期,,,,,,,,,,,,,
P0926,754,腰圍血壓雙超標 代謝症候群風險高達68%,,,,,,,,,,,,,
P0534,755,擺脫病態性肥胖 健保機械手臂輔助手術助減重,,,,,,,,,,,,,
P0213,756,健檢數據揭警訊 30至39歲男7成2過重肥胖,,,,,,,,,,,,,
P1032,757,逆轉民眾代謝症候群 8成腰粗或肥胖民眾 參加計畫後超過5成有改善,,,,,,,,,,,,,
P0220,758,全台每2人就有1人胖 肥胖比例每年增幅達4.1%,,,,,,,,,,,,,
P0886,759,聯合國示警 全球兒少肥胖率首度超越體重過輕,,,,,,,,,,,,,
P0083,760,WHO：2050年全球新發癌症病例恐增77% 肥胖空污等4因素影響,,,,,,,,,,,,,
P0491,761,惊人的因果定律：人品好的人，根本不会吃亏,,,,,,,,,,,,,
P1007,762,身体有5 个表现，建议查查甲状腺,,,,,,,,,,,,,
P1013,763,近20% 居民不能每天吃早餐，专家建议这样吃,,,,,,,,,,,,,
P0327,764,吃金桔到底要不要吃皮,,,,,,,,,,,,,
P0891,765,肥胖人数激增！澳洲将对学生进行体重测量,,,,,,,,,,,,,
P0777,766,男性“缩短”寿命行为排行榜公布,,,,,,,,,,,,,
P1026,767,这种饮料每喝一口都会增加糖尿病风险 哪怕运动也不能抵消伤害,,,,,,,,,,,,,
P0110,768,不给饭吃，虐待，拼死训练，澳洲芭蕾少女 骨瘦如柴仅27 公斤，她却恳求释放父母,,,,,,,,,,,,,
P1072,769,长期被“冤枉”的5 个好东西 以为有害，其实可以放心吃,,,,,,,,,,,,,
P0094,770,一只羊、两只羊、三只羊…… 失眠了，数羊有用吗,,,,,,,,,,,,,
P0113,771,世上最高级的养生：童心，蚁食，龟欲，猴行,,,,,,,,,,,,,
P0111,772,不能与南瓜一起吃的食物,,,,,,,,,,,,,
P0917,773,胃的“第一修复剂”不是白粥、牛奶，而是它 常吃养出“黄金胃”,,,,,,,,,,,,,
P0973,774,记忆力下降、代谢紊乱 “碎片化睡眠”危害有多大,,,,,,,,,,,,,
P0314,775,吃土也能减肥，澳洲科学家发现了减肥的 新方法，这种土有营养还越吃越瘦！,,,,,,,,,,,,,
P0256,776,“减肥神药”进入口服时代，礼来登顶“减肥药王”,,,,,,,,,,,,,
P0719,777,澳洲有270 万人患上这种病，却没人发现 这些不起眼的小症状，可能藏着致命危险,,,,,,,,,,,,,
P0023,778,40 万学费换地狱体验？澳媒爆料： 悉尼顶私丑闻清单曝光,,,,,,,,,,,,,
P1015,779,这4 种食物，“自带”黄体酮，女人 45 岁后要多吃，利于皮肤有弹性,,,,,,,,,,,,,
P1020,780,这些蔬菜才是真正的营养冠军,,,,,,,,,,,,,
P0880,781,老外中国游北京最热门,,,,,,,,,,,,,
P0166,782,人到中年，别把这4 件事看得太重 否则苦的是自己,,,,,,,,,,,,,
P1019,783,这个州耗资1000 万澳元，只为鼓励孩子以 这种方式去上学，实在是因为好处太多了,,,,,,,,,,,,,
P0404,784,“失眠”最怕这3 种菜,,,,,,,,,,,,,
P0984,785,豆腐乳，是身体的“守护神”还是 “潜在杀手”？常吃究竟好不好,,,,,,,,,,,,,
P0579,786,最高级养生，不是锻炼，不是睡觉，就一个字,,,,,,,,,,,,,
P0874,787,美女飞澳洲，只是在飞机上睡了20 个小时 竟然差点瘫痪，飞机上千万别这样，有人猝死,,,,,,,,,,,,,
P0191,788,你过得好不好，从吃饭就能看出来,,,,,,,,,,,,,
P0788,789,白萝卜是结节的“加速剂”吗？ 医生：不想结节，尽量少吃3 物,,,,,,,,,,,,,
P0618,790,每天这个时间运动，更有助于控糖,,,,,,,,,,,,,
P0688,791,澳洲儿童“健康”食品就真的健康吗,,,,,,,,,,,,,
P0286,792,午睡可能影响寿命，再次提醒： 过了50 岁后，牢记午睡“三不要”,,,,,,,,,,,,,
P0681,793,澳洲16 岁妹子只喝奶昔和软饮料从不喝水 胖成一座山，然后又狂瘦65kg 减掉 半个自己重生变女神,,,,,,,,,,,,,
P0572,794,最新研究：每天多吃澳洲超市这类 食品10%，早逝风险飙升,,,,,,,,,,,,,
P0923,795,脂肪害怕这8 种食物，但有个误区要避免,,,,,,,,,,,,,
P0281,796,十大低糖水果排行榜,,,,,,,,,,,,,
P0183,797,你以为健康的饮料，正在 偷偷升高你的尿酸和炎症,,,,,,,,,,,,,
P0970,798,让你更受欢迎的7 条社交法则,,,,,,,,,,,,,
P0329,799,吃饭一个改变，脂肪肝就有可能好转,,,,,,,,,,,,,
P1014,800,这3 种早餐，提高免疫力少生病,,,,,,,,,,,,,
P0481,801,怎样吃才能“躲过”澳洲三大死因？这13点要记牢,,,,,,,,,,,,,
P1094,802,青少年减重别盲目：“饿瘦”不可取，“养瘦”才科学！,,,,,,,,,,,,,
P0079,803,USANA优莎纳蛋白营养粉——甩掉游泳圈，赢回人生C位,,,,,,,,,,,,,
P0122,804,两个发胖时段，熬过去就能瘦？,,,,,,,,,,,,,
P0574,805,最新研究：长胖真的会让人变傻！,,,,,,,,,,,,,
P0798,806,研究 | 悉尼大学最新研究：肥胖是导致膝骨关节炎的主要原因之一,,,,,,,,,,,,,
P1059,807,“重”视体重，“轻”松生活：肥胖问题我们说清楚,,,,,,,,,,,,,
P0189,808,你的脂肪有救了！澳洲科学家新发明！只要用鼻子闻一闻，不用运动就能瘦！,,,,,,,,,,,,,
P0549,809,“无意识变胖的四个习惯”上热搜，你中了几条？,,,,,,,,,,,,,
P0548,810,新陈代谢在变差的6种表现，你中了几个？,,,,,,,,,,,,,
P0526,811,拼了！为减少肥胖率，澳洲这州将禁火腿沙拉三明治广告,,,,,,,,,,,,,
P0601,812,“梨形身材是基因彩票”上热搜，网友：谢谢，有被安慰到,,,,,,,,,,,,,
P0745,813,【热议】新研究将长期的Covid的症状与肥胖联系起来,,,,,,,,,,,,,
P0464,814,年轻人心脏病飙升66%，这4个原因扎心了,,,,,,,,,,,,,
P0747,815,【热议】澳大利亚研究显示家庭收入影响儿童肥胖,,,,,,,,,,,,,
P0264,816,【分析】是时候改变你对肥胖的认知了,,,,,,,,,,,,,
P0644,817,「涨知识」你知道吗？互联网与肥胖有不得不说的秘密,,,,,,,,,,,,,
P0697,818,澳洲女胖子千辛万苦减肥，还没来得及看到自己瘦的样子，就死了！,,,,,,,,,,,,,
P0540,819,新年目标：节食减肥 - 靠谱吗？,,,,,,,,,,,,,
P0004,820,3类人的肝脏属于“易胖体质”，肝癌风险也在升高,,,,,,,,,,,,,
P0290,821,华人惊恐发现，来了澳洲以后体重开始超标！全球肥胖榜，澳洲排名靠前，据说与地理位置有关？,,,,,,,,,,,,,
P0929,822,节食减肥：真的靠普吗？,,,,,,,,,,,,,
P0248,823,减少儿童肥胖比例可节省数十亿澳元的医疗开销,,,,,,,,,,,,,
P0732,824,"澳洲超市陷阱曝光! 这些天天打折的食品, 华人千万别买!",,,,,,,,,,,,,
P0505,825,我的体型管理路径 几个月瘦了33斤,,,,,,,,,,,,,
P0240,826,【关注】肥胖症取代烟草成为造成疾病负担的新的主要危险因素,,,,,,,,,,,,,
P0058,827,"BBC揭开全球最不健康的饮食方式, 华人爱吃的这个竟容易致病!",,,,,,,,,,,,,
P0793,828,"真相揭露! 澳洲新灾难来临, 关系到所有人!",,,,,,,,,,,,,
P0928,829,良医支招减重秘籍：吃对动好心情佳，告别肥胖就这么简单！,,,,,,,,,,,,,
P0863,830,美国成人肥胖症激增，23个州成人肥胖率超35%！CDC发布警告：健康危机正加剧,,,,,,,,,,,,,
P0908,831,肥胖新解：手术不是终点，健康生活才是起点,,,,,,,,,,,,,
P0920,832,"胖子终于有救了! 澳洲药房推神奇黑科技! 做个简单小测试, 肉就没了...",,,,,,,,,,,,,
P0506,833,“我绝不会给孩子吃这5种食物！”澳洲健康与肥胖专家向所有父母发警告！,,,,,,,,,,,,,
P0684,834,澳洲254斤胖女减肥128斤！不吃药不节食，完克土澳长肥魔咒！,,,,,,,,,,,,,
P0439,835,家长注意！身体有这个问题，生的孩子自闭症概率翻倍！,,,,,,,,,,,,,
P0065,836,Nature子刊：什么是模拟禁食，模拟禁食怎么吃？,,,,,,,,,,,,,
P0799,837,研究 | 晚间有氧活动对肥胖人群的健康更有裨益,,,,,,,,,,,,,
P0302,838,反式脂肪酸又上热搜！真的一口也不能吃吗？,,,,,,,,,,,,,
P0253,839,减肥成功必经的4个阶段，你在哪一个？,,,,,,,,,,,,,
P0252,840,减肥为什么这么难？看懂少走10年弯路,,,,,,,,,,,,,
P0373,841,在澳洲，胖是可以被原谅的！,,,,,,,,,,,,,
P0827,842,神奇！悉尼大学科学家最新发现，澳洲戒酒药治疗肥胖效果惊人！,,,,,,,,,,,,,
P0432,843,官方教减肥！国家卫健委甚至列出了各地食谱……,,,,,,,,,,,,,
P0170,844,"今天起, 这款减肥神药澳洲正式上市! 安全减重17%, 药房就能买",,,,,,,,,,,,,
P0685,845,澳洲专家建议“封杀”圣诞老人！说会教坏小孩！原因竟然是因为太胖？？？,,,,,,,,,,,,,
P0545,846,新西兰亚裔肥胖危机：住得越久越胖？三大原因揭示真相！澳洲健康产品推荐助力改善体重管理,,,,,,,,,,,,,
P0205,847,【健康知识】胖哪儿都不能胖这里！,,,,,,,,,,,,,
P0258,848,减重季｜北京大学与USANA合作研究：纤维粉与代餐对健康的促进作用,,,,,,,,,,,,,
P0544,849,新研究表明，食用澳洲坚果不会导致体重增加,,,,,,,,,,,,,
P1104,850,饮料也喝不起了！在澳洲变胖了也要交税，专家呼吁征收“糖税”！吃货们的日子越来越难了…,,,,,,,,,,,,,
P0054,851,2023中国肥胖地图出炉！41.1%男性体重超标......,,,,,,,,,,,,,
P0521,852,报告：全球45%的人口正在努力减肥！一年“胖死”280万人！澳洲所在地的风水不好？大洋洲都要胖炸了！,,,,,,,,,,,,,
P0372,853,在澳洲，你的身材可能决定了你的阶级！,,,,,,,,,,,,,
P0487,854,惊了！最新数据：全澳超4成上班族体重超标！上班没时间管理自己的身材？一套动作10分钟，相当于跑步3000米，健身房1小时,,,,,,,,,,,,,
P0188,855,你是实胖or虚胖？,,,,,,,,,,,,,
P1070,856,长期不运动，身体会发生哪些变化？人生变好，从坚持运动开始！,,,,,,,,,,,,,
P0916,857,肿瘤患者到底“胖点好”还是“瘦点好”？营养师表示,,,,,,,,,,,,,
P0250,858,减肥不吃主食？医生：或导致大脑功能衰退,,,,,,,,,,,,,
P0729,859,澳洲营养师警告：坚果、蜂蜜都是减肥的敌人！这些健康食物都可能辜负你的信任…,,,,,,,,,,,,,
P0406,860,奇葩！就因男友喜欢胖子！澳洲美女模特增肥至357斤！网友们都替她急死了！,,,,,,,,,,,,,
P0686,861,澳洲人的地域黑太精确！四位数字把你看得透透的！破解方法只有一个！,,,,,,,,,,,,,
P0450,862,【小基数减重服务案例】我的冻龄秘密：常年保持体脂率19%，时光的脚步真的变慢了,,,,,,,,,,,,,
P1071,863,长期失眠会影响机体的代谢，导致代谢失衡，比如脂肪代谢异常，有可能会诱发肥胖症,,,,,,,,,,,,,
P1002,864,趙露思抑鬱症未癒 近況公開,,,,,,,,,,,,,
P0138,865,中國成人肥胖率飛漲 當局發減肥指南,,,,,,,,,,,,,
P0066,866,減重也可以切換「休息模式」不復胖的秘訣,,,,,,,,,,,,,
P0741,867,為電影瘦身50公斤賈玲自導自演《熱辣滾燙》,,,,,,,,,,,,,
P0580,868,服用降膽固醇藥物就可以,,,,,,,,,,,,,
P0503,869,我200斤了？懒人佛系生活化减肥进行中,,,,,,,,,,,,,
P0693,870,澳洲医疗迎来重磅福利超过七分之一女性将受益本周生效！,,,,,,,,,,,,,
P0699,871,澳洲婴儿食品“爆雷”！超75%不达标最新研究数据令人担忧,,,,,,,,,,,,,
P0975,872,诊断2型糖尿病后 患者最关心的十个问题,,,,,,,,,,,,,
P0744,873,热搜第一！44岁贾冰减肥成功瘦到脱相，妻子回应减肥秘诀否认打针，本人发声,,,,,,,,,,,,,
P0437,874,家长暴怒: 绝不沉默! 华人7岁娃在名校遭高年级同学群殴! 脸朝下倒地…,,,,,,,,,,,,,
P0743,875,热搜爆了！贾玲大波浪晚礼服惊艳网友！专家：贾玲减肥的案例普通人可以复刻,,,,,,,,,,,,,
P0513,876,打死也不回国！凤姐现状再曝光，牙齿脱落没钱补，称当初被电视节目糟蹋了…,,,,,,,,,,,,,
P0763,877,王诗龄晒泳装照，身材迷人，才14岁就又美又有气质！,,,,,,,,,,,,,
P0563,878,普通女生减肥后能变多美？她晒了2张图震惊570w网友：仿佛换了个人！,,,,,,,,,,,,,
P0424,879,学校午餐政策再引争议！校方要求多，孩子不爱吃…澳洲父母直呼压力大！,,,,,,,,,,,,,
P1024,880,这样吃饭的人，患脂肪肝风险大大增加！很多人这样吃还不自,,,,,,,,,,,,,
P0570,881,最新研究: 澳洲人寿命在英语国家中最长! 比其它高收入国家多活5年! 华人区排第一,,,,,,,,,,,,,
P0951,882,被质疑“体重反弹”，贾玲最新机场生图流出，网友傻眼：我快认不出她了！,,,,,,,,,,,,,
P0289,883,"华人常用的食用油, 澳洲人竟不吃: 既不天然又有毒?! 营养专家曝光真相",,,,,,,,,,,,,
P0050,884,350斤杀人犯，死刑前突然申请免死：我太胖了，这么死太痛苦？！果断被驳回...,,,,,,,,,,,,,
P0130,885,中国男人配不上中国女人？,,,,,,,,,,,,,
P0306,886,只因对亚裔脸盲？华裔男子被捕误当毒贩 控警索偿2000万！,,,,,,,,,,,,,
P0567,887,曾因救人昏迷又遇丧女，南京胖哥切胃瘦100斤后再生子，本人回应“生死5年”：我在苟活，但并不卑微,,,,,,,,,,,,,
P0337,888,吴某凡监狱生活被曝！胖了20斤，当上小班长，天天创作正能量歌曲！粉丝组织劫狱！网友：电影都不敢这么演,,,,,,,,,,,,,
P1009,889,身材决定寿命？研究发现：大腿粗、屁股大的人，可能更长寿,,,,,,,,,,,,,
P0902,890,肥胖和代谢有关？每天做对这几件事，代谢变好人也轻盈！,,,,,,,,,,,,,
P0153,891,为何不瘦反胖？最容易犯的四个错误减肥习惯，你中招了吗？,,,,,,,,,,,,,
P0879,892,老人体重一年掉10%可能是癌症信号？,,,,,,,,,,,,,
P1011,893,身高160公分体重25公斤 女子竟然还要控制体重,,,,,,,,,,,,,
P1029,894,追求长寿第一步：把自己吃胖一丢丢,,,,,,,,,,,,,
P0524,895,拒绝中年“发福”，从这12件小事入手，生活化“减脂”！,,,,,,,,,,,,,
P0173,896,以为会发胖，实际很减肥的 6 个行为，别再误解它们了！,,,,,,,,,,,,,
P0356,897,国家喊你减肥，真的是为你好，能帮你省大钱！,,,,,,,,,,,,,
P0438,898,家长注意！儿童肥胖危害大，宜及早干预,,,,,,,,,,,,,
P0868,899,【美女】130斤的健身女孩，自律的人不会满足于现状,,,,,,,,,,,,,
P0414,900,她是“三级艳后”，拒绝成龙，61岁胖到220斤，依旧美到勾人心魄,,,,,,,,,,,,,
P0991,901,贾玲承认瘦身100斤，海报与近照胖若两人，袁弘曝训练量高达三倍,,,,,,,,,,,,,
P0873,902,​美女微胖妹子腿粗到爆，却俘获几十万直男，网友：这身材致命,,,,,,,,,,,,,
P0582,903,朱珠一家三口在颐和园被偶遇，朱珠身材臃肿，引发争议,,,,,,,,,,,,,
P1078,904,阿娇复胖30斤！网友批评太不敬业，她却不受影响带狗去吃冰激凌,,,,,,,,,,,,,
P0040,905,58岁巩俐出席活动，网纱上衣搭鱼尾裙身材超绝，自然老去获赞,,,,,,,,,,,,,
P0657,906,潘帅变潘叔？44岁潘玮柏中年发福不敢认，胖至200斤老10岁，网友：快减肥,,,,,,,,,,,,,
P0187,907,“你太胖了吧”！25岁女网红为了一口气，全身注射“减脂神器”，结果……,,,,,,,,,,,,,
P0867,908,【美女】35岁翘臀姐姐，竟泡走26岁小鲜肉，这“水蜜桃“身材我沦陷了...,,,,,,,,,,,,,
P0990,909,贾玲惊现巴黎奥运会 体重之谜再度引爆,,,,,,,,,,,,,
P1084,910,陈飞宇曝私照后复出，自曝225斤瘦下来全靠跑步，因太胖被排挤,,,,,,,,,,,,,
P0555,911,日本妹子因被家人嫌弃太胖，一怒之下减掉134斤​！美得太惊艳...网友：减肥如整容啊,,,,,,,,,,,,,
P0564,912,暴瘦50斤的马思纯，比贾玲还吓人？,,,,,,,,,,,,,
P0869,913,【美女】130斤的健身小姐姐有多绝？！大码的“粗腿肥臀”太炸了,,,,,,,,,,,,,
P0871,914,【美女】对不起！男人眼中的微胖，长这样,,,,,,,,,,,,,
P0509,915,才30岁，杭州小伙确诊癌症！以为只是胖！医生提醒：太危险,,,,,,,,,,,,,
P0992,916,贾玲被质疑体重反弹，最新机场生图流出，网友：傻眼了,,,,,,,,,,,,,
P0610,917,每天三份泡菜可降低肥胖风险,,,,,,,,,,,,,
P0635,918,活力滿滿!提升身心 活力的養生食物大揭密,,,,,,,,,,,,,
P0470,919,当心，喝水也會錯? 一種喝法傷腦甚至致命,,,,,,,,,,,,,
P0261,920,出現這些症狀 其實你正在「發福」,,,,,,,,,,,,,
P0396,921,大腹便便同時出現這些症狀 當心是腫瘤,,,,,,,,,,,,,
P0499,922,慢性肝炎患者的 日常保健和正確飲食,,,,,,,,,,,,,
P0483,923,怒海驚魂,,,,,,,,,,,,,
P0953,924,西方人信的是啥?,,,,,,,,,,,,,
P0165,925,人不壞沒愛,,,,,,,,,,,,,
P0099,926,七大招降低壞的膽固醇,,,,,,,,,,,,,
P0768,927,生活秀,,,,,,,,,,,,,
P0515,928,打造「不發胖體質」 的飲食祕訣,,,,,,,,,,,,,
P0850,929,總是高血糖?糖尿病患飲食這樣吃,,,,,,,,,,,,,
P0377,930,基因決定咖啡對你是好?是壞?,,,,,,,,,,,,,
P0529,931,掌握「降血脂」的生活方式,,,,,,,,,,,,,
P0089,932,一位華人心臟科專家的醫學探索之路,,,,,,,,,,,,,
P0150,933,中醫師分享這樣睡最健康,,,,,,,,,,,,,
P0848,934,總是吃不停 四招趕走假食慾,,,,,,,,,,,,,
P0416,935,好麵包 不只看外表 /烘焙師教你分辨真味道,,,,,,,,,,,,,
P0780,936,痛風的中醫防治,,,,,,,,,,,,,
P0791,937,看不見的傷痕,,,,,,,,,,,,,
P1030,938,退伍老兵2011年遇到的事,,,,,,,,,,,,,
P0090,939,一到春天就犯困? 注意身體四個警示信號,,,,,,,,,,,,,
P0323,940,吃早餐的好處 竟然這麼多,,,,,,,,,,,,,
P0346,941,哪種飲品危害驚人?連泌尿醫也不敢碰,,,,,,,,,,,,,
P1038,942,過於謹慎能保護自己嗎?(三),,,,,,,,,,,,,
P0408,943,女性出現這種情況 反映玉體欠安,,,,,,,,,,,,,
P0446,944,專業護理改善身心健康 療養院生活讓長者重拾生趣,,,,,,,,,,,,,
P1039,945,道家養生祛病延年(六),,,,,,,,,,,,,
P0881,946,老年人夏季如何防病養病,,,,,,,,,,,,,
P0401,947,太極八卦功夫 特有的圓運動,,,,,,,,,,,,,
P0773,948,甲辰回國續記,,,,,,,,,,,,,
P0738,949,澳華養老與你探討 如何降低患上腦退化症風險,,,,,,,,,,,,,
P0378,950,增強腎功能 減少夜尿,,,,,,,,,,,,,
P0388,951,多寶月子,,,,,,,,,,,,,
P0507,952,我認識的紅二代作家:風流總被雨打風吹去,,,,,,,,,,,,,
P0803,953,研究:普通家用塑料 危害兒童和成人健康,,,,,,,,,,,,,
P0834,954,稱量學生體重 以應對肥胖問題引發爭議,,,,,,,,,,,,,
P1099,955,額頭和臉類長痘痘?,,,,,,,,,,,,,
P0927,956,腹部、大腿還是手臂?,,,,,,,,,,,,,
P0713,957,澳洲掀起“植物基飲食”風潮:健康與可持續的雙重選擇,,,,,,,,,,,,,
P0318,958,吃堅果可能對心血管有益,,,,,,,,,,,,,
P0215,959,傳統中醫對腦中風的預防之道,,,,,,,,,,,,,
P0149,960,中醫在癌症晚期病人中的輔助治療(個案分享),,,,,,,,,,,,,
P0494,961,想瘦嗎?     跟營養師這樣做,,,,,,,,,,,,,
P0403,962,太極拳和八卦掌有何區別 同時修煉效果如何?,,,,,,,,,,,,,
P0283,963,十大傷腎邪恶美食曝光 原來我們都吃過,,,,,,,,,,,,,
P1108,964,驚人發現: 澳洲大多數嬰幼兒食品 不符國際標準,,,,,,,,,,,,,
P0770,965,生活養生小妙招,,,,,,,,,,,,,
P0344,966,哈佛畢業典禮 頂風作案,,,,,,,,,,,,,
P1056,967,醫師分享兩招 改善異位性皮膚炎,,,,,,,,,,,,,
P0457,968,少量多餐」好 還是「多量少餐」健康?,,,,,,,,,,,,,
P0915,969,肾不好沒精神 醫師分享五招提升活力,,,,,,,,,,,,,
P1033,970,逆轉癌症 醫師提醒戒掉被忽略的十大壞習慣,,,,,,,,,,,,,
P0453,971,少女成長的轉折點,,,,,,,,,,,,,
P0764,972,珀斯遊隨筆,,,,,,,,,,,,,
P0443,973,專家:部份減肥注射劑 可將癌症風險減半,,,,,,,,,,,,,
P0785,974,癌細胞最愛吃「它」斷糖飲食抗老防癌,,,,,,,,,,,,,
P0146,975,中年發福不是福 腰圍超標是警訊,,,,,,,,,,,,,
P0196,976,保養骨關節 跟「疼痛」「僵硬」說再見,,,,,,,,,,,,,
P0846,977,紓壓食物5類,,,,,,,,,,,,,
P0962,978,調查:澳人普遍壽命延長 體重增加,,,,,,,,,,,,,
P0945,979,號稱有減肥奇效 Ozempic 明年前恐一直缺貨,,,,,,,,,,,,,
